date,day_of_week,match,league,market,odds,stake,stake_pct_bankroll,edge,confidence,result,profit_loss,roi_bet,bankroll_before,bankroll_after,daily_bet_number,daily_total_bets,daily_profit_loss,daily_win_rate,daily_roi,market_type,risk_level,running_total_return,peak_bankroll,drawdown_from_peak,cumulative_profit,bet_sequence
2024-08-01,Thursday,Team 1 vs Team 2,Championship,Over 1.5,1.98,24.0,8.0,42.3,71.8,WIN,23.59,98.3,300.0,323.59,1,2,-2.3,50.0,-4.6,Goals_Total,Medium_Risk,7.9,323.59,0.0,23.59,1
2024-08-01,Thursday,Team 1 vs Team 2,Championship,BTTS No,2.2,25.89,8.0,39.4,63.4,LOSS,-25.89,-100.0,323.59,297.7,2,2,-2.3,50.0,-4.6,BTTS,Medium_Risk,-0.8,323.59,8.0,-2.3000000000000007,2
2024-08-02,Friday,Team 1 vs Team 2,MLS,BTTS No,2.49,23.82,8.0,46.4,58.8,WIN,35.49,149.0,297.7,333.18,1,2,8.83,50.0,17.5,BTTS,Medium_Risk,11.1,333.18,-0.0,33.19,3
2024-08-02,Friday,Team 1 vs Team 2,MLS,Over 9.5 Corners,1.84,26.65,8.0,38.9,75.6,LOSS,-26.65,-100.0,333.18,306.53,2,2,8.83,50.0,17.5,Corners,Medium_Risk,2.2,333.18,8.0,6.539999999999999,4
2024-08-03,Saturday,Liverpool vs Chelsea,Premier League,Over 1.5,2.31,24.52,8.0,64.6,71.2,WIN,32.13,131.0,306.53,338.66,1,3,13.03,66.7,21.2,Goals_Total,Medium_Risk,12.9,338.66,0.0,38.67,5
2024-08-03,Saturday,Liverpool vs Chelsea,Premier League,BTTS No,2.01,27.09,8.0,60.9,80.0,LOSS,-27.09,-100.0,338.66,311.57,2,3,13.03,66.7,21.2,BTTS,Medium_Risk,3.9,338.66,8.0,11.580000000000002,6
2024-08-03,Saturday,Team 5 vs Team 6,Championship,Over 2.5,1.81,9.91,3.2,6.4,58.9,WIN,7.99,80.6,311.57,319.56,3,3,13.03,66.7,21.2,Goals_Total,High_Risk,6.5,338.66,5.6,19.57,7
2024-08-04,Sunday,Bayern Munich vs Borussia Dortmund,Bundesliga,Over 9.5 Corners,2.15,25.56,8.0,62.8,75.6,WIN,29.52,115.5,319.56,349.07,1,3,21.44,66.7,30.6,Corners,Medium_Risk,16.4,349.07,-0.0,49.09,8
2024-08-04,Sunday,Bayern Munich vs Borussia Dortmund,Bundesliga,Home/Away,1.3,27.93,8.0,6.6,82.0,WIN,8.38,30.0,349.07,357.45,2,3,21.44,66.7,30.6,Double_Chance,Low_Risk,19.1,357.45,0.0,57.470000000000006,9
2024-08-04,Sunday,Everton vs Nottingham Forest,Premier League,Home Under 1.5,1.61,16.46,4.6,7.0,66.6,LOSS,-16.46,-100.0,357.45,340.99,3,3,21.44,66.7,30.6,Goals_Total,High_Risk,13.7,357.45,4.6,41.010000000000005,10
2024-08-05,Monday,Team 1 vs Team 2,Ligue 1,Over 9.5 Corners,2.0,27.28,8.0,50.1,75.0,WIN,27.35,100.2,340.99,368.34,1,2,-2.12,50.0,-3.7,Corners,Medium_Risk,22.8,368.34,0.0,68.36000000000001,11
2024-08-05,Monday,Team 1 vs Team 2,Ligue 1,Home Under 1.5,1.75,29.47,8.0,17.5,67.0,LOSS,-29.47,-100.0,368.34,338.87,2,2,-2.12,50.0,-3.7,Goals_Total,Medium_Risk,13.0,368.34,8.0,38.890000000000015,12
2024-08-06,Tuesday,Bayern Munich vs Borussia Dortmund,Bundesliga,Over 9.5 Corners,2.06,27.11,8.0,52.6,74.1,LOSS,-27.11,-100.0,338.87,311.76,1,2,0.66,50.0,1.3,Corners,Medium_Risk,3.9,368.34,15.4,11.780000000000015,13
2024-08-06,Tuesday,Bayern Munich vs Borussia Dortmund,Bundesliga,Over 1.5,2.11,24.94,8.0,51.6,71.8,WIN,27.77,111.3,311.76,339.53,2,2,0.66,50.0,1.3,Goals_Total,Medium_Risk,13.2,368.34,7.8,39.55000000000001,14
2024-08-07,Wednesday,Team 1 vs Team 2,MLS,Over 9.5 Corners,2.04,27.16,8.0,66.1,81.6,WIN,28.14,103.6,339.53,367.66,1,3,21.76,66.7,31.8,Corners,Medium_Risk,22.6,368.34,0.2,67.69000000000001,15
2024-08-07,Wednesday,Team 1 vs Team 2,MLS,Home Under 1.5,1.62,21.45,5.8,9.1,67.2,WIN,13.36,62.3,367.66,381.03,2,3,21.76,66.7,31.8,Goals_Total,High_Risk,27.0,381.03,0.0,81.05000000000001,16
2024-08-07,Wednesday,Newcastle vs Brighton,Premier League,Over 9.5 Corners,1.75,19.74,5.2,9.7,62.7,LOSS,-19.74,-100.0,381.03,361.29,3,3,21.76,66.7,31.8,Corners,High_Risk,20.4,381.03,5.2,61.31000000000002,17
2024-08-08,Thursday,Bologna vs Torino,Serie A,Over 1.5,1.88,28.9,8.0,38.8,73.8,LOSS,-28.9,-100.0,361.29,332.38,1,2,-55.49,0.0,-100.0,Goals_Total,Medium_Risk,10.8,381.03,12.8,32.41000000000002,18
2024-08-08,Thursday,Bologna vs Torino,Serie A,BTTS No,1.92,26.59,8.0,33.0,69.3,LOSS,-26.59,-100.0,332.38,305.79,2,2,-55.49,0.0,-100.0,BTTS,Medium_Risk,1.9,381.03,19.7,5.820000000000018,19
2024-08-09,Friday,Sassuolo vs Udinese,Serie A,BTTS No,2.33,24.46,8.0,72.7,74.1,LOSS,-24.46,-100.0,305.79,281.33,1,2,-0.67,50.0,-1.4,BTTS,Medium_Risk,-6.2,381.03,26.2,-18.639999999999983,20
2024-08-09,Friday,Sassuolo vs Udinese,Serie A,Over 1.5,2.06,22.51,8.0,47.6,71.8,WIN,23.79,105.7,281.33,305.12,2,2,-0.67,50.0,-1.4,Goals_Total,Medium_Risk,1.7,381.03,19.9,5.150000000000016,21
2024-08-10,Saturday,Sevilla vs Real Betis,La Liga,Under 11.5 Corners,1.48,24.41,8.0,25.2,84.7,WIN,11.65,47.7,305.12,316.77,1,3,-22.62,33.3,-38.6,Corners,Low_Risk,5.6,381.03,16.9,16.80000000000002,22
2024-08-10,Saturday,Sevilla vs Real Betis,La Liga,Under 9.5 Corners,1.6,23.09,7.3,10.9,69.4,LOSS,-23.09,-100.0,316.77,293.69,2,3,-22.62,33.3,-38.6,Corners,Medium_Risk,-2.1,381.03,22.9,-6.289999999999981,23
2024-08-10,Saturday,Team 9 vs Team 10,Eredivisie,Under 3.5,1.57,11.19,3.8,5.5,67.0,LOSS,-11.19,-100.0,293.69,282.5,3,3,-22.62,33.3,-38.6,Goals_Total,High_Risk,-5.8,381.03,25.9,-17.479999999999983,24
2024-08-11,Sunday,Team 1 vs Team 2,Ligue 1,Over 1.5,2.34,22.6,8.0,71.4,73.2,LOSS,-22.6,-100.0,282.5,259.9,1,2,-43.39,0.0,-100.0,Goals_Total,Medium_Risk,-13.4,381.03,31.8,-40.079999999999984,25
2024-08-11,Sunday,Team 1 vs Team 2,Ligue 1,Draw/Away,2.3,20.79,8.0,55.6,67.7,LOSS,-20.79,-100.0,259.9,239.11,2,2,-43.39,0.0,-100.0,Double_Chance,Medium_Risk,-20.3,381.03,37.2,-60.86999999999998,26
2024-08-12,Monday,AS Roma vs Lazio,Serie A,Over 9.5 Corners,1.75,19.13,8.0,34.1,76.6,LOSS,-19.13,-100.0,239.11,219.98,1,2,-7.16,50.0,-19.5,Corners,Medium_Risk,-26.7,381.03,42.3,-79.99999999999999,27
2024-08-12,Monday,AS Roma vs Lazio,Serie A,Over 2.5,1.68,17.6,8.0,15.5,68.7,WIN,11.97,68.0,219.98,231.95,2,2,-7.16,50.0,-19.5,Goals_Total,Medium_Risk,-22.7,381.03,39.1,-68.02999999999999,28
2024-08-13,Tuesday,Crystal Palace vs Fulham,Premier League,Over 9.5 Corners,2.04,18.56,8.0,51.4,74.3,WIN,19.23,103.6,231.95,251.18,1,3,36.04,100.0,71.9,Corners,Medium_Risk,-16.3,381.03,34.1,-48.79999999999998,29
2024-08-13,Tuesday,Crystal Palace vs Fulham,Premier League,Home/Away,1.37,20.09,8.0,9.4,79.9,WIN,7.43,37.0,251.18,258.61,2,3,36.04,100.0,71.9,Double_Chance,Low_Risk,-13.8,381.03,32.1,-41.36999999999998,30
2024-08-13,Tuesday,Team 5 vs Team 6,Liga MX,Over 2.5,1.82,11.5,4.4,9.1,60.1,WIN,9.37,81.5,258.61,267.99,3,3,36.04,100.0,71.9,Goals_Total,High_Risk,-10.7,381.03,29.7,-31.999999999999986,31
2024-08-14,Wednesday,Sevilla vs Real Betis,La Liga,Over 1.5,2.13,21.44,8.0,57.5,73.8,LOSS,-21.44,-100.0,267.99,246.55,1,2,-41.16,0.0,-100.0,Goals_Total,Medium_Risk,-17.8,381.03,35.3,-53.43999999999998,32
2024-08-14,Wednesday,Sevilla vs Real Betis,La Liga,Over 9.5 Corners,2.09,19.72,8.0,55.0,74.1,LOSS,-19.72,-100.0,246.55,226.83,2,2,-41.16,0.0,-100.0,Corners,Medium_Risk,-24.4,381.03,40.5,-73.15999999999998,33
2024-08-15,Thursday,Brentford vs Wolves,Premier League,Over 9.5 Corners,2.03,18.15,8.0,51.7,74.9,WIN,18.6,102.5,226.83,245.43,1,3,15.73,66.7,30.9,Corners,Medium_Risk,-18.2,381.03,35.6,-54.55999999999998,34
2024-08-15,Thursday,Brentford vs Wolves,Premier League,Home Under 1.5,1.77,16.94,6.9,13.3,64.0,WIN,13.03,76.9,245.43,258.46,2,3,15.73,66.7,30.9,Goals_Total,Medium_Risk,-13.8,381.03,32.2,-41.52999999999998,35
2024-08-15,Thursday,Team 3 vs Team 4,Ligue 1,Home Under 1.5,1.64,15.9,6.2,9.8,67.0,LOSS,-15.9,-100.0,258.46,242.56,3,3,15.73,66.7,30.9,Goals_Total,High_Risk,-19.1,381.03,36.3,-57.42999999999998,36
2024-08-16,Friday,Aston Villa vs West Ham,Premier League,Over 9.5 Corners,2.2,19.4,8.0,56.8,71.3,LOSS,-19.4,-100.0,242.56,223.15,1,2,-37.26,0.0,-100.0,Corners,Medium_Risk,-25.6,381.03,41.4,-76.82999999999998,37
2024-08-16,Friday,Aston Villa vs West Ham,Premier League,Over 2.5,1.83,17.85,8.0,23.3,67.5,LOSS,-17.85,-100.0,223.15,205.3,2,2,-37.26,0.0,-100.0,Goals_Total,Medium_Risk,-31.6,381.03,46.1,-94.67999999999998,38
2024-08-17,Saturday,Team 1 vs Team 2,Championship,Over 9.5 Corners,2.18,16.42,8.0,61.8,74.4,LOSS,-16.42,-100.0,205.3,188.88,1,2,-31.53,0.0,-100.0,Corners,Medium_Risk,-37.0,381.03,50.4,-111.09999999999998,39
2024-08-17,Saturday,Everton vs Nottingham Forest,Premier League,Over 1.5,2.23,15.11,8.0,64.6,73.7,LOSS,-15.11,-100.0,188.88,173.77,2,2,-31.53,0.0,-100.0,Goals_Total,Medium_Risk,-42.1,381.03,54.4,-126.20999999999998,40
2024-08-18,Sunday,Team 1 vs Team 2,Liga MX,BTTS No,2.28,13.9,8.0,44.5,63.4,WIN,17.79,128.0,173.77,191.56,1,2,26.96,100.0,92.2,BTTS,Medium_Risk,-36.1,381.03,49.7,-108.41999999999999,41
2024-08-18,Sunday,Team 1 vs Team 2,Liga MX,Away Under 1.5,1.6,15.32,8.0,24.5,77.9,WIN,9.16,59.8,191.56,200.72,2,2,26.96,100.0,92.2,Goals_Total,Medium_Risk,-33.1,381.03,47.3,-99.25999999999999,42
2024-08-19,Monday,Team 1 vs Team 2,MLS,Over 9.5 Corners,1.84,16.06,8.0,25.7,68.1,LOSS,-16.06,-100.0,200.72,184.67,1,3,2.58,66.7,6.8,Corners,Medium_Risk,-38.4,381.03,51.5,-115.32,43
2024-08-19,Monday,Team 1 vs Team 2,MLS,Away Under 1.5,1.72,6.66,3.6,6.5,61.8,WIN,4.82,72.4,184.67,189.48,2,3,2.58,66.7,6.8,Goals_Total,High_Risk,-36.8,381.03,50.3,-110.5,44
2024-08-19,Monday,Atalanta vs Fiorentina,Serie A,Over 9.5 Corners,1.91,15.16,8.0,29.5,67.7,WIN,13.82,91.2,189.48,203.31,3,3,2.58,66.7,6.8,Corners,Medium_Risk,-32.2,381.03,46.6,-96.68,45
2024-08-20,Tuesday,Newcastle vs Brighton,Premier League,Over 9.5 Corners,2.11,16.26,8.0,47.9,70.0,LOSS,-16.26,-100.0,203.31,187.04,1,3,-12.9,33.3,-36.4,Corners,Medium_Risk,-37.7,381.03,50.9,-112.94000000000001,46
2024-08-20,Tuesday,Newcastle vs Brighton,Premier League,BTTS No,1.9,11.87,6.3,14.3,60.1,WIN,10.68,90.0,187.04,197.72,2,3,-12.9,33.3,-36.4,BTTS,Medium_Risk,-34.1,381.03,48.1,-102.26000000000002,47
2024-08-20,Tuesday,RB Leipzig vs Bayer Leverkusen,Bundesliga,Over 2.5,1.73,7.32,3.7,6.7,61.7,LOSS,-7.32,-100.0,197.72,190.4,3,3,-12.9,33.3,-36.4,Goals_Total,High_Risk,-36.5,381.03,50.0,-109.58000000000001,48
2024-08-21,Wednesday,Team 1 vs Team 2,MLS,Over 1.5,2.17,15.23,8.0,60.3,73.8,WIN,17.85,117.2,190.4,208.26,1,3,-4.2,33.3,-11.3,Goals_Total,Medium_Risk,-30.6,381.03,45.3,-91.73000000000002,49
2024-08-21,Wednesday,Team 1 vs Team 2,MLS,Under 11.5 Corners,1.49,16.66,8.0,21.3,81.2,LOSS,-16.66,-100.0,208.26,191.6,2,3,-4.2,33.3,-11.3,Corners,Low_Risk,-36.1,381.03,49.7,-108.39000000000001,50
2024-08-21,Wednesday,Team 9 vs Team 10,Championship,Away Under 1.5,1.79,5.39,2.8,5.6,58.9,LOSS,-5.39,-100.0,191.6,186.21,3,3,-4.2,33.3,-11.3,Goals_Total,High_Risk,-37.9,381.03,51.1,-113.78000000000002,51
2024-08-22,Thursday,Borussia Monchengladbach vs Wolfsburg,Bundesliga,Over 1.5,2.18,14.9,8.0,56.4,71.8,WIN,17.58,118.0,186.21,203.79,1,3,26.1,66.7,64.4,Goals_Total,Medium_Risk,-32.1,381.03,46.5,-96.20000000000002,52
2024-08-22,Thursday,Borussia Monchengladbach vs Wolfsburg,Bundesliga,Over 9.5 Corners,2.1,16.3,8.0,52.5,72.8,WIN,17.86,109.6,203.79,221.65,2,3,26.1,66.7,64.4,Corners,Medium_Risk,-26.1,381.03,41.8,-78.34000000000002,53
2024-08-22,Thursday,Team 3 vs Team 4,Ligue 1,Home Under 1.5,1.6,9.35,4.2,6.3,66.6,LOSS,-9.35,-100.0,221.65,212.3,3,3,26.1,66.7,64.4,Goals_Total,High_Risk,-29.2,381.03,44.3,-87.69000000000001,54
2024-08-23,Friday,Tottenham vs Manchester United,Premier League,Under 11.5 Corners,1.45,16.98,8.0,17.0,80.6,LOSS,-16.98,-100.0,212.3,195.32,1,3,-20.94,33.3,-60.2,Corners,Low_Risk,-34.9,381.03,48.7,-104.67000000000002,55
2024-08-23,Friday,Tottenham vs Manchester United,Premier League,Under 3.5,1.56,9.44,4.8,6.8,68.4,LOSS,-9.44,-100.0,195.32,185.88,2,3,-20.94,33.3,-60.2,Goals_Total,High_Risk,-38.0,381.03,51.2,-114.11000000000001,56
2024-08-23,Friday,Bayern Munich vs Borussia Dortmund,Bundesliga,Under 9.5 Corners,1.65,8.39,4.5,7.4,64.9,WIN,5.48,65.4,185.88,191.36,3,3,-20.94,33.3,-60.2,Corners,High_Risk,-36.2,381.03,49.8,-108.63000000000001,57
2024-08-24,Saturday,Team 1 vs Team 2,MLS,Over 1.5,2.04,15.31,8.0,58.4,77.5,WIN,15.99,104.5,191.36,207.35,1,3,7.75,66.7,20.5,Goals_Total,Medium_Risk,-30.9,381.03,45.6,-92.64000000000001,58
2024-08-24,Saturday,Team 1 vs Team 2,MLS,Away Under 1.5,1.75,14.33,6.9,13.0,64.4,LOSS,-14.33,-100.0,207.35,193.02,2,3,7.75,66.7,20.5,Goals_Total,Medium_Risk,-35.7,381.03,49.3,-106.97000000000001,59
2024-08-24,Saturday,Atalanta vs Fiorentina,Serie A,Over 2.5,1.74,8.21,4.3,7.9,61.9,WIN,6.09,74.2,193.02,199.11,3,3,7.75,66.7,20.5,Goals_Total,High_Risk,-33.6,381.03,47.7,-100.88000000000001,60
2024-08-25,Sunday,Bologna vs Torino,Serie A,Over 11.5 Corners,3.33,15.93,8.0,96.1,58.9,LOSS,-15.93,-100.0,199.11,183.18,1,3,-4.16,33.3,-11.1,Corners,Medium_Risk,-38.9,381.03,51.9,-116.81,61
2024-08-25,Sunday,Bologna vs Torino,Serie A,Over 1.5,2.27,14.65,8.0,67.5,73.7,WIN,18.66,127.3,183.18,201.85,2,3,-4.16,33.3,-11.1,Goals_Total,Medium_Risk,-32.7,381.03,47.0,-98.15,62
2024-08-25,Sunday,Team 9 vs Team 10,MLS,Over 2.5,1.83,6.9,3.4,7.1,58.6,LOSS,-6.9,-100.0,201.85,194.95,3,3,-4.16,33.3,-11.1,Goals_Total,High_Risk,-35.0,381.03,48.8,-105.05000000000001,63
2024-08-26,Monday,Team 1 vs Team 2,Liga MX,Draw/Away,2.07,15.6,8.0,41.2,68.2,WIN,16.69,107.0,194.95,211.64,1,2,-0.24,50.0,-0.7,Double_Chance,Medium_Risk,-29.5,381.03,44.5,-88.36000000000001,64
2024-08-26,Monday,Team 1 vs Team 2,Liga MX,Home Under 1.5,1.62,16.93,8.0,26.4,77.9,LOSS,-16.93,-100.0,211.64,194.71,2,2,-0.24,50.0,-0.7,Goals_Total,Medium_Risk,-35.1,381.03,48.9,-105.29000000000002,65
2024-08-27,Tuesday,Team 1 vs Team 2,MLS,Over 9.5 Corners,2.06,15.58,8.0,62.8,79.1,WIN,16.48,105.8,194.71,211.19,1,3,28.98,100.0,81.7,Corners,Medium_Risk,-29.6,381.03,44.6,-88.81000000000002,66
2024-08-27,Tuesday,Team 1 vs Team 2,MLS,Away +1,1.55,12.19,5.8,7.9,69.8,WIN,6.66,54.6,211.19,217.85,2,3,28.98,100.0,81.7,Asian_Handicap,High_Risk,-27.4,381.03,42.8,-82.15000000000002,67
2024-08-27,Tuesday,Team 1 vs Team 2,MLS,Over 2.5,1.76,7.7,3.5,6.7,60.7,WIN,5.84,75.9,217.85,223.69,3,3,28.98,100.0,81.7,Goals_Total,High_Risk,-25.4,381.03,41.3,-76.31000000000002,68
2024-08-28,Wednesday,Team 1 vs Team 2,Ligue 1,Over 1.5,1.93,17.89,8.0,43.2,74.4,WIN,16.56,92.5,223.69,240.25,1,3,47.79,100.0,97.6,Goals_Total,Medium_Risk,-19.9,381.03,36.9,-59.750000000000014,69
2024-08-28,Wednesday,Team 1 vs Team 2,Ligue 1,BTTS No,2.19,19.22,8.0,38.8,63.4,WIN,22.87,119.0,240.25,263.12,2,3,47.79,100.0,97.6,BTTS,Medium_Risk,-12.3,381.03,30.9,-36.88000000000001,70
2024-08-28,Wednesday,Team 1 vs Team 2,Ligue 1,Away Under 1.5,1.7,11.87,4.5,7.9,63.3,WIN,8.36,70.4,263.12,271.48,3,3,47.79,100.0,97.6,Goals_Total,High_Risk,-9.5,381.03,28.8,-28.52000000000001,71
2024-08-29,Thursday,Real Madrid vs Barcelona,La Liga,Over 9.5 Corners,2.16,21.72,8.0,59.0,73.5,WIN,25.29,116.4,271.48,296.76,1,3,63.47,100.0,99.1,Corners,Medium_Risk,-1.1,381.03,22.1,-3.230000000000011,72
2024-08-29,Thursday,Newcastle vs Brighton,Premier League,Over 1.5,2.18,23.74,8.0,56.3,71.8,WIN,27.98,117.9,296.76,324.74,2,3,63.47,100.0,99.1,Goals_Total,Medium_Risk,8.2,381.03,14.8,24.74999999999999,73
2024-08-29,Thursday,Newcastle vs Brighton,Premier League,Home Under 1.5,1.55,18.59,5.7,7.9,69.6,WIN,10.2,54.9,324.74,334.94,3,3,63.47,100.0,99.1,Goals_Total,High_Risk,11.6,381.03,12.1,34.94999999999999,74
2024-08-30,Friday,Borussia Monchengladbach vs Wolfsburg,Bundesliga,Over 11.5 Corners,2.8,26.8,8.0,84.7,66.0,WIN,48.12,179.6,334.94,383.07,1,3,25.66,66.7,37.5,Corners,Medium_Risk,27.7,383.07,0.0,83.07,75
2024-08-30,Friday,Borussia Monchengladbach vs Wolfsburg,Bundesliga,Over 9.5 Corners,2.16,30.65,8.0,62.9,75.6,LOSS,-30.65,-100.0,383.07,352.42,2,3,25.66,66.7,37.5,Corners,Medium_Risk,17.5,383.07,8.0,52.419999999999995,76
2024-08-30,Friday,Bologna vs Torino,Serie A,Home Under 1.5,1.74,10.98,3.1,5.8,60.6,WIN,8.18,74.5,352.42,360.6,3,3,25.66,66.7,37.5,Goals_Total,High_Risk,20.2,383.07,5.9,60.599999999999994,77
2024-08-31,Saturday,Bayern Munich vs Borussia Dortmund,Bundesliga,Over 2.5,1.75,28.85,8.0,19.1,68.1,LOSS,-28.85,-100.0,360.6,331.75,1,2,-55.39,0.0,-100.0,Goals_Total,Medium_Risk,10.6,383.07,13.4,31.749999999999993,78
2024-08-31,Saturday,Team 3 vs Team 4,Ligue 1,Home Over 1.5,3.72,26.54,8.0,135.8,63.3,LOSS,-26.54,-100.0,331.75,305.21,2,2,-55.39,0.0,-100.0,Goals_Total,Medium_Risk,1.7,383.07,20.3,5.209999999999994,79
2024-09-01,Sunday,Atalanta vs Fiorentina,Serie A,Over 11.5 Corners,3.63,24.42,8.0,115.9,59.5,LOSS,-24.42,-100.0,305.21,280.8,1,3,17.09,66.7,28.1,Corners,Medium_Risk,-6.4,383.07,26.7,-19.210000000000008,80
2024-09-01,Sunday,Atalanta vs Fiorentina,Serie A,Over 1.5,2.35,22.46,8.0,81.0,76.9,WIN,30.43,135.5,280.8,311.23,2,3,17.09,66.7,28.1,Goals_Total,Medium_Risk,3.7,383.07,18.8,11.219999999999992,81
2024-09-01,Sunday,Team 5 vs Team 6,Ligue 1,Over 2.5,1.79,13.93,4.5,8.9,60.7,WIN,11.07,79.5,311.23,322.3,3,3,17.09,66.7,28.1,Goals_Total,High_Risk,7.4,383.07,15.9,22.289999999999992,82
2024-09-02,Monday,Team 1 vs Team 2,Ligue 1,Draw/Away,2.18,25.78,8.0,33.8,61.4,LOSS,-25.78,-100.0,322.3,296.51,1,2,-49.5,0.0,-100.0,Double_Chance,Medium_Risk,-1.2,383.07,22.6,-3.490000000000009,83
2024-09-02,Monday,Team 1 vs Team 2,Ligue 1,Over 9.5 Corners,1.77,23.72,8.0,25.4,70.8,LOSS,-23.72,-100.0,296.51,272.79,2,2,-49.5,0.0,-100.0,Corners,Medium_Risk,-9.1,383.07,28.8,-27.210000000000008,84
2024-09-03,Tuesday,Team 1 vs Team 2,Ligue 1,BTTS No,2.29,21.82,8.0,83.3,80.0,WIN,28.15,129.0,272.79,300.94,1,2,59.47,100.0,129.6,BTTS,Medium_Risk,0.3,383.07,21.4,0.9399999999999906,85
2024-09-03,Tuesday,Team 1 vs Team 2,Ligue 1,Over 1.5,2.3,24.08,8.0,71.1,74.4,WIN,31.32,130.1,300.94,332.27,2,2,59.47,100.0,129.6,Goals_Total,Medium_Risk,10.8,383.07,13.3,32.25999999999999,86
2024-09-04,Wednesday,AS Roma vs Lazio,Serie A,BTTS No,2.38,26.58,8.0,64.9,69.3,LOSS,-26.58,-100.0,332.27,305.69,1,2,-7.43,50.0,-14.6,BTTS,Medium_Risk,1.9,383.07,20.2,5.679999999999993,87
2024-09-04,Wednesday,AS Roma vs Lazio,Serie A,Over 9.5 Corners,1.78,24.45,8.0,34.7,75.6,WIN,19.15,78.3,305.69,324.84,2,2,-7.43,50.0,-14.6,Corners,Medium_Risk,8.3,383.07,15.2,24.82999999999999,88
2024-09-05,Thursday,Team 1 vs Team 2,MLS,Over 9.5 Corners,2.19,25.99,8.0,63.0,74.3,WIN,31.01,119.3,324.84,355.85,1,3,24.25,66.7,33.5,Corners,Medium_Risk,18.6,383.07,7.1,55.83999999999999,89
2024-09-05,Thursday,Team 1 vs Team 2,MLS,Home/Away,1.39,28.47,8.0,11.0,79.9,WIN,11.1,39.0,355.85,366.95,2,3,24.25,66.7,33.5,Double_Chance,Low_Risk,22.3,383.07,4.2,66.93999999999998,90
2024-09-05,Thursday,Team 1 vs Team 2,MLS,Over 2.5,1.87,17.85,4.9,10.6,59.1,LOSS,-17.85,-100.0,366.95,349.1,3,3,24.25,66.7,33.5,Goals_Total,Medium_Risk,16.4,383.07,8.9,49.08999999999998,91
2024-09-06,Friday,Bayern Munich vs Borussia Dortmund,Bundesliga,Over 9.5 Corners,1.73,27.93,8.0,38.6,80.2,LOSS,-27.93,-100.0,349.1,321.17,1,2,-0.12,50.0,-0.2,Corners,Medium_Risk,7.1,383.07,16.2,21.159999999999982,92
2024-09-06,Friday,Team 3 vs Team 4,Ligue 1,Over 9.5 Corners,2.08,25.69,8.0,57.3,75.6,WIN,27.8,108.2,321.17,348.97,2,2,-0.12,50.0,-0.2,Corners,Medium_Risk,16.3,383.07,8.9,48.95999999999998,93
2024-09-07,Saturday,Sevilla vs Real Betis,La Liga,BTTS No,2.0,27.92,8.0,26.7,63.4,LOSS,-27.92,-100.0,348.97,321.05,1,3,-27.25,33.3,-45.5,BTTS,Medium_Risk,7.0,383.07,16.2,21.039999999999978,94
2024-09-07,Saturday,Sevilla vs Real Betis,La Liga,Draw/Away,1.88,17.38,5.4,11.9,59.5,WIN,15.3,88.0,321.05,336.35,2,3,-27.25,33.3,-45.5,Double_Chance,Medium_Risk,12.1,383.07,12.2,36.339999999999975,95
2024-09-07,Saturday,Brentford vs Wolves,Premier League,Draw/Away,1.78,14.62,4.3,8.5,60.9,LOSS,-14.62,-100.0,336.35,321.72,3,3,-27.25,33.3,-45.5,Double_Chance,High_Risk,7.2,383.07,16.0,21.719999999999978,96
2024-09-08,Sunday,AS Roma vs Lazio,Serie A,BTTS No,2.31,25.74,8.0,38.9,60.1,LOSS,-25.74,-100.0,321.72,295.99,1,3,3.75,66.7,6.1,BTTS,Medium_Risk,-1.3,383.07,22.7,-4.020000000000021,97
2024-09-08,Sunday,AS Roma vs Lazio,Serie A,Over 9.5 Corners,1.84,23.68,8.0,32.7,72.2,WIN,19.85,83.8,295.99,315.84,2,3,3.75,66.7,6.1,Corners,Medium_Risk,5.3,383.07,17.6,15.82999999999998,98
2024-09-08,Sunday,Juventus vs AC Milan,Serie A,BTTS No,1.83,11.61,3.7,7.6,58.8,WIN,9.64,83.0,315.84,325.48,3,3,3.75,66.7,6.1,BTTS,High_Risk,8.5,383.07,15.0,25.46999999999998,99
2024-09-09,Monday,RB Leipzig vs Bayer Leverkusen,Bundesliga,Over 1.5,2.15,26.04,8.0,60.0,74.4,LOSS,-26.04,-100.0,325.48,299.44,1,2,-4.19,50.0,-8.4,Goals_Total,Medium_Risk,-0.2,383.07,21.8,-0.570000000000018,100
2024-09-09,Monday,RB Leipzig vs Bayer Leverkusen,Bundesliga,Over 9.5 Corners,1.91,23.96,8.0,41.7,74.1,WIN,21.84,91.2,299.44,321.28,2,2,-4.19,50.0,-8.4,Corners,Medium_Risk,7.1,383.07,16.1,21.269999999999982,101
2024-09-10,Tuesday,Borussia Monchengladbach vs Wolfsburg,Bundesliga,Over 9.5 Corners,1.78,25.7,8.0,29.8,72.7,LOSS,-25.7,-100.0,321.28,295.58,1,3,8.26,66.7,13.3,Corners,Medium_Risk,-1.5,383.07,22.8,-4.4300000000000175,102
2024-09-10,Tuesday,Brentford vs Wolves,Premier League,Over 9.5 Corners,2.12,23.65,8.0,60.4,75.6,WIN,26.56,112.3,295.58,322.14,2,3,8.26,66.7,13.3,Corners,Medium_Risk,7.4,383.07,15.9,22.12999999999998,103
2024-09-10,Tuesday,Team 5 vs Team 6,MLS,Home Under 1.5,1.59,12.59,3.9,5.7,66.6,WIN,7.4,58.7,322.14,329.54,3,3,8.26,66.7,13.3,Goals_Total,High_Risk,9.8,383.07,14.0,29.52999999999998,104
2024-09-11,Wednesday,Aston Villa vs West Ham,Premier League,Draw/Away,1.99,26.36,8.0,24.3,62.5,WIN,26.1,99.0,329.54,355.64,1,3,46.99,100.0,71.1,Double_Chance,Medium_Risk,18.5,383.07,7.2,55.62999999999998,105
2024-09-11,Wednesday,Aston Villa vs West Ham,Premier League,Under 11.5 Corners,1.47,28.45,8.0,20.6,82.3,WIN,13.23,46.5,355.64,368.87,2,3,46.99,100.0,71.1,Corners,Low_Risk,23.0,383.07,3.7,68.85999999999999,106
2024-09-11,Wednesday,Aston Villa vs West Ham,Premier League,Away Under 1.5,1.68,11.25,3.0,5.2,62.6,WIN,7.66,68.1,368.87,376.53,3,3,46.99,100.0,71.1,Goals_Total,High_Risk,25.5,383.07,1.7,76.51999999999998,107
2024-09-12,Thursday,Team 1 vs Team 2,Eredivisie,Over 1.5,2.13,30.12,8.0,57.2,73.7,WIN,34.15,113.4,376.53,410.68,1,2,1.3,50.0,2.1,Goals_Total,Medium_Risk,36.9,410.68,-0.0,110.66999999999999,108
2024-09-12,Thursday,Team 1 vs Team 2,Eredivisie,Over 9.5 Corners,1.88,32.85,8.0,42.4,75.6,LOSS,-32.85,-100.0,410.68,377.83,2,2,1.3,50.0,2.1,Corners,Medium_Risk,25.9,410.68,8.0,77.82,109
2024-09-13,Friday,Real Sociedad vs Getafe,La Liga,Over 1.5,2.28,30.23,8.0,68.0,73.8,WIN,38.59,127.7,377.83,416.42,1,3,13.49,66.7,17.9,Goals_Total,Medium_Risk,38.8,416.42,0.0,116.41,110
2024-09-13,Friday,Real Sociedad vs Getafe,La Liga,Over 11.5 Corners,2.28,33.31,8.0,44.0,63.2,LOSS,-33.31,-100.0,416.42,383.1,2,3,13.49,66.7,17.9,Corners,Medium_Risk,27.7,416.42,8.0,83.1,111
2024-09-13,Friday,Team 5 vs Team 6,MLS,Under 9.5 Corners,1.68,12.02,3.1,5.4,62.6,WIN,8.21,68.3,383.1,391.31,3,3,13.49,66.7,17.9,Corners,High_Risk,30.4,416.42,6.0,91.31,112
2024-09-14,Saturday,Team 1 vs Team 2,Eredivisie,Under 11.5 Corners,1.38,31.31,8.0,34.7,97.9,LOSS,-31.31,-100.0,391.31,360.01,1,3,-3.16,66.7,-4.4,Corners,Low_Risk,20.0,416.42,13.5,60.0,113
2024-09-14,Saturday,Team 1 vs Team 2,Eredivisie,Draw/Away,1.83,20.0,5.6,11.5,60.9,WIN,16.6,83.0,360.01,376.61,2,3,-3.16,66.7,-4.4,Double_Chance,Medium_Risk,25.5,416.42,9.6,76.6,114
2024-09-14,Saturday,Atletico Madrid vs Valencia,La Liga,Home Under 1.5,1.56,20.81,5.5,7.7,69.2,WIN,11.55,55.5,376.61,388.16,3,3,-3.16,66.7,-4.4,Goals_Total,High_Risk,29.4,416.42,6.8,88.14999999999999,115
2024-09-15,Sunday,Team 1 vs Team 2,Ligue 1,Over 9.5 Corners,1.89,31.05,8.0,34.6,71.3,WIN,27.57,88.8,388.16,415.73,1,3,26.12,66.7,34.3,Corners,Medium_Risk,38.6,416.42,0.2,115.72,116
2024-09-15,Sunday,Team 1 vs Team 2,Ligue 1,Home/Away,1.31,33.26,8.0,16.1,88.6,WIN,10.31,31.0,415.73,426.04,2,3,26.12,66.7,34.3,Double_Chance,Low_Risk,42.0,426.04,-0.0,126.03,117
2024-09-15,Sunday,Osasuna vs Celta Vigo,La Liga,Away Over 1.5,1.78,11.77,2.8,5.4,59.2,LOSS,-11.77,-100.0,426.04,414.27,3,3,26.12,66.7,34.3,Goals_Total,High_Risk,38.1,426.04,2.8,114.26,118
2024-09-16,Monday,Inter Milan vs Napoli,Serie A,Over 9.5 Corners,1.9,33.14,8.0,33.3,70.0,LOSS,-33.14,-100.0,414.27,381.13,1,2,-63.63,0.0,-100.0,Corners,Medium_Risk,27.0,426.04,10.5,81.12,119
2024-09-16,Monday,Inter Milan vs Napoli,Serie A,Home/Draw,2.23,30.49,8.0,32.5,59.4,LOSS,-30.49,-100.0,381.13,350.64,2,2,-63.63,0.0,-100.0,Double_Chance,Medium_Risk,16.9,426.04,17.7,50.63000000000001,120
2024-09-17,Tuesday,Sevilla vs Real Betis,La Liga,Over 9.5 Corners,2.04,28.05,8.0,50.1,73.5,LOSS,-28.05,-100.0,350.64,322.59,1,3,-1.99,66.7,-3.0,Corners,Medium_Risk,7.5,426.04,24.3,22.58000000000001,121
2024-09-17,Tuesday,Team 3 vs Team 4,MLS,Over 9.5 Corners,1.73,25.81,8.0,26.6,73.4,WIN,18.71,72.5,322.59,341.31,2,3,-1.99,66.7,-3.0,Corners,Medium_Risk,13.8,426.04,19.9,41.290000000000006,122
2024-09-17,Tuesday,Real Madrid vs Barcelona,La Liga,Away +1,1.54,13.57,4.0,5.4,68.4,WIN,7.34,54.1,341.31,348.65,3,3,-1.99,66.7,-3.0,Asian_Handicap,High_Risk,16.2,426.04,18.2,48.63000000000001,123
2024-09-18,Wednesday,Bayern Munich vs Borussia Dortmund,Bundesliga,Over 9.5 Corners,2.02,27.89,8.0,60.0,79.1,LOSS,-27.89,-100.0,348.65,320.76,1,3,14.98,66.7,21.6,Corners,Medium_Risk,6.9,426.04,24.7,20.74000000000001,124
2024-09-18,Wednesday,Bayern Munich vs Borussia Dortmund,Bundesliga,Draw/Away,2.23,25.66,8.0,56.8,70.3,WIN,31.56,123.0,320.76,352.32,2,3,14.98,66.7,21.6,Double_Chance,Medium_Risk,17.4,426.04,17.3,52.30000000000001,125
2024-09-18,Wednesday,Everton vs Nottingham Forest,Premier League,Away Under 1.5,1.72,15.75,4.5,8.0,62.9,WIN,11.31,71.8,352.32,363.62,3,3,14.98,66.7,21.6,Goals_Total,High_Risk,21.2,426.04,14.7,63.610000000000014,126
2024-09-19,Thursday,Team 1 vs Team 2,Ligue 1,Over 2.5,2.74,29.09,8.0,78.6,65.3,WIN,50.51,173.6,363.62,414.14,1,2,17.38,50.0,27.9,Goals_Total,Medium_Risk,38.0,426.04,2.8,114.12,127
2024-09-19,Thursday,Team 1 vs Team 2,Ligue 1,Over 9.5 Corners,2.04,33.13,8.0,52.6,74.9,LOSS,-33.13,-100.0,414.14,381.01,2,2,17.38,50.0,27.9,Corners,Medium_Risk,27.0,426.04,10.6,80.99000000000001,128
2024-09-20,Friday,Team 1 vs Team 2,Championship,Over 9.5 Corners,1.94,30.48,8.0,42.1,73.4,WIN,28.54,93.6,381.01,409.54,1,2,-4.22,50.0,-6.7,Corners,Medium_Risk,36.5,426.04,3.9,109.53,129
2024-09-20,Friday,Team 1 vs Team 2,Championship,Draw/Away,2.34,32.76,8.0,37.7,58.8,LOSS,-32.76,-100.0,409.54,376.78,2,2,-4.22,50.0,-6.7,Double_Chance,Medium_Risk,25.6,426.04,11.6,76.77000000000001,130
2024-09-21,Saturday,Atletico Madrid vs Valencia,La Liga,Home Under 1.5,1.77,29.87,7.9,15.3,65.1,WIN,23.0,77.0,376.78,399.78,1,3,61.69,100.0,76.8,Goals_Total,Medium_Risk,33.3,426.04,6.2,99.77000000000001,131
2024-09-21,Saturday,Team 3 vs Team 4,Liga MX,Over 9.5 Corners,1.72,31.98,8.0,30.4,76.0,WIN,22.88,71.5,399.78,422.66,2,3,61.69,100.0,76.8,Corners,Medium_Risk,40.9,426.04,0.8,122.65,132
2024-09-21,Saturday,Team 3 vs Team 4,Liga MX,Over 2.5,1.86,18.47,4.4,9.3,58.9,WIN,15.81,85.6,422.66,438.47,3,3,61.69,100.0,76.8,Goals_Total,High_Risk,46.2,438.47,0.0,138.46,133
2024-09-22,Sunday,Union Berlin vs SC Freiburg,Bundesliga,BTTS No,2.36,35.08,8.0,41.9,60.1,WIN,47.71,136.0,438.47,486.17,1,3,93.55,100.0,91.4,BTTS,Medium_Risk,62.1,486.17,-0.0,186.17000000000002,134
2024-09-22,Sunday,Union Berlin vs SC Freiburg,Bundesliga,Over 9.5 Corners,1.76,38.89,8.0,29.1,73.5,WIN,29.41,75.6,486.17,515.58,2,3,93.55,100.0,91.4,Corners,Medium_Risk,71.9,515.58,0.0,215.58,135
2024-09-22,Sunday,Union Berlin vs SC Freiburg,Bundesliga,Away +1,1.58,28.39,5.5,8.0,68.4,WIN,16.43,57.9,515.58,532.01,3,3,93.55,100.0,91.4,Asian_Handicap,High_Risk,77.3,532.01,-0.0,232.01000000000002,136
2024-09-23,Monday,RB Leipzig vs Bayer Leverkusen,Bundesliga,Over 1.5,2.4,42.56,8.0,76.7,73.7,LOSS,-42.56,-100.0,532.01,489.45,1,2,-81.72,0.0,-100.0,Goals_Total,Medium_Risk,63.2,532.01,8.0,189.45000000000002,137
2024-09-23,Monday,RB Leipzig vs Bayer Leverkusen,Bundesliga,Over 9.5 Corners,1.9,39.16,8.0,42.8,75.0,LOSS,-39.16,-100.0,489.45,450.3,2,2,-81.72,0.0,-100.0,Corners,Medium_Risk,50.1,532.01,15.4,150.29000000000002,138
2024-09-24,Tuesday,Team 1 vs Team 2,Championship,Home/Away,1.44,36.02,8.0,9.5,76.1,WIN,15.85,44.0,450.3,466.15,1,3,-0.36,66.7,-0.5,Double_Chance,Low_Risk,55.4,532.01,12.4,166.14000000000001,139
2024-09-24,Tuesday,Team 1 vs Team 2,Championship,Away Under 1.5,1.68,15.69,3.4,5.7,62.9,WIN,10.69,68.1,466.15,476.84,2,3,-0.36,66.7,-0.5,Goals_Total,High_Risk,58.9,532.01,10.4,176.83,140
2024-09-24,Tuesday,Team 1 vs Team 2,Championship,Under 11.5 Corners,1.37,26.9,5.6,5.3,76.7,LOSS,-26.9,-100.0,476.84,449.94,3,3,-0.36,66.7,-0.5,Corners,Low_Risk,50.0,532.01,15.4,149.93,141
2024-09-25,Wednesday,Juventus vs AC Milan,Serie A,Home/Away,1.34,35.99,8.0,15.9,86.5,WIN,12.24,34.0,449.94,462.17,1,3,7.63,66.7,9.4,Double_Chance,Low_Risk,54.1,532.01,13.1,162.17000000000002,142
2024-09-25,Wednesday,Juventus vs AC Milan,Serie A,Over 2.5,1.83,18.63,4.0,8.4,59.1,LOSS,-18.63,-100.0,462.17,443.54,2,3,7.63,66.7,9.4,Goals_Total,High_Risk,47.8,532.01,16.6,143.54000000000002,143
2024-09-25,Wednesday,Team 7 vs Team 8,Other,Draw/Away,1.53,26.46,6.0,7.9,70.5,WIN,14.03,53.0,443.54,457.57,3,3,7.63,66.7,9.4,Double_Chance,High_Risk,52.5,532.01,14.0,157.57000000000002,144
2024-09-26,Thursday,Tottenham vs Manchester United,Premier League,Under 11.5 Corners,1.38,36.61,8.0,8.5,78.4,WIN,14.07,38.4,457.57,471.63,1,3,35.67,66.7,34.2,Corners,Low_Risk,57.2,532.01,11.3,171.64000000000001,145
2024-09-26,Thursday,Aston Villa vs West Ham,Premier League,Over 1.5,2.37,37.73,8.0,76.3,74.4,WIN,51.71,137.0,471.63,523.34,2,3,35.67,66.7,34.2,Goals_Total,Medium_Risk,74.4,532.01,1.6,223.35000000000002,146
2024-09-26,Thursday,Crystal Palace vs Fulham,Premier League,Over 2.5,1.87,30.1,5.8,12.6,60.1,LOSS,-30.1,-100.0,523.34,493.24,3,3,35.67,66.7,34.2,Goals_Total,Medium_Risk,64.4,532.01,7.3,193.25000000000003,147
2024-09-27,Friday,Eintracht Frankfurt vs VfB Stuttgart,Bundesliga,Over 9.5 Corners,1.97,39.46,8.0,45.7,74.1,LOSS,-39.46,-100.0,493.24,453.78,1,2,-16.65,50.0,-23.0,Corners,Medium_Risk,51.3,532.01,14.7,153.79000000000002,148
2024-09-27,Friday,Eintracht Frankfurt vs VfB Stuttgart,Bundesliga,Home Under 1.5,1.69,33.06,7.3,12.6,66.6,WIN,22.81,69.0,453.78,476.59,2,2,-16.65,50.0,-23.0,Goals_Total,Medium_Risk,58.9,532.01,10.4,176.60000000000002,149
2024-09-28,Saturday,RB Leipzig vs Bayer Leverkusen,Bundesliga,Over 1.5,2.11,38.13,8.0,52.8,72.4,WIN,42.29,110.9,476.59,518.87,1,3,104.54,100.0,97.2,Goals_Total,Medium_Risk,73.0,532.01,2.5,218.89000000000001,150
2024-09-28,Saturday,RB Leipzig vs Bayer Leverkusen,Bundesliga,Over 11.5 Corners,2.19,41.51,8.0,33.0,60.8,WIN,49.25,118.7,518.87,568.13,2,3,104.54,100.0,97.2,Corners,Medium_Risk,89.4,568.13,0.0,268.14,151
2024-09-28,Saturday,Brentford vs Wolves,Premier League,Away +1,1.47,27.94,4.9,5.7,72.2,WIN,13.0,46.5,568.13,581.12,3,3,104.54,100.0,97.2,Asian_Handicap,Low_Risk,93.7,581.12,-0.0,281.14,152
2024-09-29,Sunday,Osasuna vs Celta Vigo,La Liga,BTTS No,2.41,46.49,8.0,53.8,63.8,WIN,65.55,141.0,581.12,646.67,1,3,125.16,100.0,95.1,BTTS,Medium_Risk,115.6,646.67,-0.0,346.69,153
2024-09-29,Sunday,Osasuna vs Celta Vigo,La Liga,Home Under 1.5,1.79,51.73,8.0,21.8,67.9,WIN,41.09,79.4,646.67,687.76,2,3,125.16,100.0,95.1,Goals_Total,Medium_Risk,129.3,687.76,-0.0,387.78,154
2024-09-29,Sunday,Eintracht Frankfurt vs VfB Stuttgart,Bundesliga,Away +1,1.56,33.32,4.8,6.7,68.6,WIN,18.52,55.6,687.76,706.28,3,3,125.16,100.0,95.1,Asian_Handicap,High_Risk,135.4,706.28,-0.0,406.29999999999995,155
2024-09-30,Monday,Manchester City vs Arsenal,Premier League,Over 1.5,2.25,56.5,8.0,66.0,73.7,WIN,70.8,125.3,706.28,777.08,1,2,8.63,50.0,7.3,Goals_Total,Medium_Risk,159.0,777.08,0.0,477.09999999999997,156
2024-09-30,Monday,Manchester City vs Arsenal,Premier League,BTTS No,2.41,62.17,8.0,65.5,68.7,LOSS,-62.17,-100.0,777.08,714.91,2,2,8.63,50.0,7.3,BTTS,Medium_Risk,138.3,777.08,8.0,414.92999999999995,157
2024-10-01,Tuesday,Eintracht Frankfurt vs VfB Stuttgart,Bundesliga,Over 9.5 Corners,1.74,57.19,8.0,31.7,75.6,LOSS,-57.19,-100.0,714.91,657.72,1,3,-67.31,33.3,-53.9,Corners,Medium_Risk,119.2,777.08,15.4,357.73999999999995,158
2024-10-01,Tuesday,Eintracht Frankfurt vs VfB Stuttgart,Bundesliga,Away Under 1.5,1.76,32.71,5.0,9.4,62.3,WIN,24.78,75.8,657.72,682.5,2,3,-67.31,33.3,-53.9,Goals_Total,High_Risk,127.5,777.08,12.2,382.52,159
2024-10-01,Tuesday,Eintracht Frankfurt vs VfB Stuttgart,Bundesliga,Home Over 1.5,1.87,34.9,5.1,11.1,59.4,LOSS,-34.9,-100.0,682.5,647.61,3,3,-67.31,33.3,-53.9,Goals_Total,Medium_Risk,115.9,777.08,16.7,347.62,160
2024-10-02,Wednesday,Borussia Monchengladbach vs Wolfsburg,Bundesliga,Over 9.5 Corners,1.78,51.81,8.0,34.2,75.6,WIN,40.25,77.7,647.61,687.85,1,3,105.71,100.0,79.7,Corners,Medium_Risk,129.3,777.08,11.5,387.87,161
2024-10-02,Wednesday,Borussia Monchengladbach vs Wolfsburg,Bundesliga,Home Under 1.5,1.64,36.79,5.3,8.6,66.1,WIN,23.67,64.3,687.85,711.52,2,3,105.71,100.0,79.7,Goals_Total,High_Risk,137.2,777.08,8.4,411.54,162
2024-10-02,Wednesday,RB Leipzig vs Bayer Leverkusen,Bundesliga,BTTS No,1.95,44.0,6.2,14.7,58.8,WIN,41.8,95.0,711.52,753.32,3,3,105.71,100.0,79.7,BTTS,Medium_Risk,151.1,777.08,3.1,453.34000000000003,163
2024-10-03,Thursday,Team 1 vs Team 2,Liga MX,Over 9.5 Corners,2.17,60.27,8.0,70.4,78.5,LOSS,-60.27,-100.0,753.32,693.05,1,3,33.75,66.7,22.7,Corners,Medium_Risk,131.0,777.08,10.8,393.07000000000005,164
2024-10-03,Thursday,Team 1 vs Team 2,Liga MX,BTTS No,2.37,55.44,8.0,42.5,60.1,WIN,75.96,137.0,693.05,769.01,2,3,33.75,66.7,22.7,BTTS,Medium_Risk,156.3,777.08,1.0,469.03000000000003,165
2024-10-03,Thursday,Atletico Madrid vs Valencia,La Liga,Under 3.5,1.55,32.91,4.3,5.9,68.4,WIN,18.06,54.9,769.01,787.07,3,3,33.75,66.7,22.7,Goals_Total,High_Risk,162.4,787.07,-0.0,487.09000000000003,166
2024-10-04,Friday,RB Leipzig vs Bayer Leverkusen,Bundesliga,Over 1.5,2.3,62.97,8.0,71.2,74.4,WIN,82.01,130.2,787.07,869.08,1,3,110.42,66.7,65.1,Goals_Total,Medium_Risk,189.7,869.08,0.0,569.1,167
2024-10-04,Friday,RB Leipzig vs Bayer Leverkusen,Bundesliga,Over 9.5 Corners,1.94,69.53,8.0,33.8,68.9,WIN,65.47,94.2,869.08,934.55,2,3,110.42,66.7,65.1,Corners,Medium_Risk,211.5,934.55,0.0,634.57,168
2024-10-04,Friday,RB Leipzig vs Bayer Leverkusen,Bundesliga,Home Under 1.5,1.53,37.06,4.0,5.3,68.7,LOSS,-37.06,-100.0,934.55,897.49,3,3,110.42,66.7,65.1,Goals_Total,High_Risk,199.2,934.55,4.0,597.51,169
2024-10-05,Saturday,Newcastle vs Brighton,Premier League,Over 1.5,2.16,71.8,8.0,60.3,74.4,WIN,82.94,115.5,897.49,980.43,1,3,26.62,66.7,15.0,Goals_Total,Medium_Risk,226.8,980.43,-0.0,680.45,170
2024-10-05,Saturday,Newcastle vs Brighton,Premier League,Over 9.5 Corners,1.79,78.43,8.0,35.5,75.6,LOSS,-78.43,-100.0,980.43,902.0,2,3,26.62,66.7,15.0,Corners,Medium_Risk,200.7,980.43,8.0,602.02,171
2024-10-05,Saturday,AS Roma vs Lazio,Serie A,Draw/Away,1.82,26.96,3.0,6.1,58.3,WIN,22.11,82.0,902.0,924.1,3,3,26.62,66.7,15.0,Double_Chance,High_Risk,208.0,980.43,5.7,624.13,172
2024-10-06,Sunday,Team 1 vs Team 2,Ligue 1,Over 11.5 Corners,4.1,73.93,8.0,141.7,58.9,LOSS,-73.93,-100.0,924.1,850.18,1,2,-141.94,0.0,-100.0,Corners,Medium_Risk,183.4,980.43,13.3,550.2,173
2024-10-06,Sunday,Team 1 vs Team 2,Ligue 1,Over 9.5 Corners,2.12,68.01,8.0,60.0,75.6,LOSS,-68.01,-100.0,850.18,782.16,2,2,-141.94,0.0,-100.0,Corners,Medium_Risk,160.7,980.43,20.2,482.19000000000005,174
2024-10-07,Monday,Union Berlin vs SC Freiburg,Bundesliga,Over 1.5,1.99,62.57,8.0,46.6,73.7,LOSS,-62.57,-100.0,782.16,719.59,1,2,-18.46,50.0,-15.4,Goals_Total,Medium_Risk,139.9,980.43,26.6,419.62000000000006,175
2024-10-07,Monday,Union Berlin vs SC Freiburg,Bundesliga,Over 9.5 Corners,1.77,57.57,8.0,25.9,71.3,WIN,44.12,76.6,719.59,763.71,2,2,-18.46,50.0,-15.4,Corners,Medium_Risk,154.6,980.43,22.1,463.74000000000007,176
2024-10-08,Tuesday,Team 1 vs Team 2,Liga MX,Over 1.5,1.97,61.1,8.0,45.1,73.7,WIN,59.22,96.9,763.71,822.93,1,2,-6.61,50.0,-5.2,Goals_Total,Medium_Risk,174.3,980.43,16.1,522.96,177
2024-10-08,Tuesday,Team 1 vs Team 2,Liga MX,BTTS No,1.95,65.83,8.0,23.5,63.4,LOSS,-65.83,-100.0,822.93,757.09,2,2,-6.61,50.0,-5.2,BTTS,Medium_Risk,152.4,980.43,22.8,457.13000000000005,178
2024-10-09,Wednesday,AS Roma vs Lazio,Serie A,Over 9.5 Corners,2.19,60.57,8.0,65.4,75.6,WIN,72.03,118.9,757.09,829.12,1,2,5.7,50.0,4.5,Corners,Medium_Risk,176.4,980.43,15.4,529.1600000000001,179
2024-10-09,Wednesday,AS Roma vs Lazio,Serie A,Over 1.5,2.07,66.33,8.0,53.8,74.4,LOSS,-66.33,-100.0,829.12,762.79,2,2,5.7,50.0,4.5,Goals_Total,Medium_Risk,154.3,980.43,22.2,462.8300000000001,180
2024-10-10,Thursday,RB Leipzig vs Bayer Leverkusen,Bundesliga,Over 9.5 Corners,1.89,61.02,8.0,28.8,68.1,WIN,54.42,89.2,762.79,817.21,1,3,105.75,100.0,66.8,Corners,Medium_Risk,172.4,980.43,16.6,517.2500000000001,181
2024-10-10,Thursday,RB Leipzig vs Bayer Leverkusen,Bundesliga,Home/Away,1.38,65.38,8.0,10.4,80.0,WIN,24.84,38.0,817.21,842.05,2,3,105.75,100.0,66.8,Double_Chance,Low_Risk,180.7,980.43,14.1,542.0900000000001,182
2024-10-10,Thursday,RB Leipzig vs Bayer Leverkusen,Bundesliga,Over 2.5,1.83,31.9,3.8,7.9,58.9,WIN,26.49,83.1,842.05,868.55,3,3,105.75,100.0,66.8,Goals_Total,High_Risk,189.5,980.43,11.4,568.5800000000002,183
2024-10-11,Friday,Tottenham vs Manchester United,Premier League,Over 9.5 Corners,2.18,69.48,8.0,64.4,75.6,LOSS,-69.48,-100.0,868.55,799.06,1,2,-19.87,50.0,-14.9,Corners,Medium_Risk,166.4,980.43,18.5,499.10000000000014,184
2024-10-11,Friday,Tottenham vs Manchester United,Premier League,Home Under 1.5,1.78,63.92,8.0,18.1,66.5,WIN,49.61,77.6,799.06,848.67,2,2,-19.87,50.0,-14.9,Goals_Total,Medium_Risk,182.9,980.43,13.4,548.7100000000002,185
2024-10-12,Saturday,RB Leipzig vs Bayer Leverkusen,Bundesliga,Over 9.5 Corners,1.91,67.89,8.0,40.2,73.4,LOSS,-67.89,-100.0,848.67,780.78,1,3,28.2,66.7,16.8,Corners,Medium_Risk,160.3,980.43,20.4,480.82000000000016,186
2024-10-12,Saturday,RB Leipzig vs Bayer Leverkusen,Bundesliga,BTTS No,2.01,62.46,8.0,32.8,66.1,WIN,63.09,101.0,780.78,843.87,2,3,28.2,66.7,16.8,BTTS,Medium_Risk,181.3,980.43,13.9,543.9100000000002,187
2024-10-12,Saturday,RB Leipzig vs Bayer Leverkusen,Bundesliga,Draw/Away,1.87,37.94,4.5,9.8,58.7,WIN,33.01,87.0,843.87,876.88,3,3,28.2,66.7,16.8,Double_Chance,High_Risk,192.3,980.43,10.6,576.9200000000002,188
2024-10-13,Sunday,Team 1 vs Team 2,Eredivisie,BTTS No,2.38,70.15,8.0,43.1,60.1,LOSS,-70.15,-100.0,876.88,806.73,1,2,-134.69,0.0,-100.0,BTTS,Medium_Risk,168.9,980.43,17.7,506.7700000000002,189
2024-10-13,Sunday,Team 1 vs Team 2,Eredivisie,Over 9.5 Corners,1.74,64.54,8.0,29.3,74.1,LOSS,-64.54,-100.0,806.73,742.19,2,2,-134.69,0.0,-100.0,Corners,Medium_Risk,147.4,980.43,24.3,442.2300000000002,190
2024-10-14,Monday,Real Madrid vs Barcelona,La Liga,Over 9.5 Corners,2.01,59.37,8.0,47.4,73.4,WIN,59.93,100.9,742.19,802.12,1,3,160.92,100.0,95.6,Corners,Medium_Risk,167.4,980.43,18.2,502.1600000000002,191
2024-10-14,Monday,Real Madrid vs Barcelona,La Liga,BTTS No,2.03,64.17,8.0,28.6,63.4,WIN,66.09,103.0,802.12,868.22,2,3,160.92,100.0,95.6,BTTS,Medium_Risk,189.4,980.43,11.4,568.2500000000002,192
2024-10-14,Monday,Everton vs Nottingham Forest,Premier League,Draw/Away,1.78,44.73,5.2,10.0,61.8,WIN,34.89,78.0,868.22,903.11,3,3,160.92,100.0,95.6,Double_Chance,Medium_Risk,201.0,980.43,7.9,603.1400000000002,193
2024-10-15,Tuesday,Team 1 vs Team 2,Ligue 1,Over 1.5,2.3,72.25,8.0,64.7,71.8,LOSS,-72.25,-100.0,903.11,830.86,1,3,-68.95,33.3,-43.7,Goals_Total,Medium_Risk,177.0,980.43,15.3,530.8900000000002,194
2024-10-15,Tuesday,Team 1 vs Team 2,Ligue 1,Away Under 1.5,1.6,34.33,4.1,6.2,66.5,LOSS,-34.33,-100.0,830.86,796.52,2,3,-68.95,33.3,-43.7,Goals_Total,High_Risk,165.5,980.43,18.8,496.56000000000023,195
2024-10-15,Tuesday,Bologna vs Torino,Serie A,Away Under 1.5,1.74,51.18,6.4,11.8,64.4,WIN,37.63,73.5,796.52,834.16,3,3,-68.95,33.3,-43.7,Goals_Total,Medium_Risk,178.1,980.43,14.9,534.1900000000003,196
2024-10-16,Wednesday,Union Berlin vs SC Freiburg,Bundesliga,Over 9.5 Corners,2.2,66.73,8.0,61.9,73.7,WIN,79.78,119.6,834.16,913.93,1,3,24.56,66.7,15.1,Corners,Medium_Risk,204.6,980.43,6.8,613.9700000000003,197
2024-10-16,Wednesday,Team 3 vs Team 4,MLS,Over 9.5 Corners,1.93,73.11,8.0,43.3,74.3,LOSS,-73.11,-100.0,913.93,840.82,2,3,24.56,66.7,15.1,Corners,Medium_Risk,180.3,980.43,14.2,540.8600000000002,198
2024-10-16,Wednesday,Juventus vs AC Milan,Serie A,Over 2.5,1.78,22.91,2.7,5.3,59.1,WIN,17.89,78.1,840.82,858.71,3,3,24.56,66.7,15.1,Goals_Total,High_Risk,186.2,980.43,12.4,558.7500000000002,199
2024-10-17,Thursday,Sevilla vs Real Betis,La Liga,Home Under 1.5,1.75,68.7,8.0,15.5,66.1,WIN,51.39,74.8,858.71,910.11,1,3,32.45,66.7,17.1,Goals_Total,Medium_Risk,203.4,980.43,7.2,610.1400000000002,200
2024-10-17,Thursday,Sevilla vs Real Betis,La Liga,BTTS No,1.88,54.09,5.9,13.1,60.1,WIN,47.6,88.0,910.11,957.7,2,3,32.45,66.7,17.1,BTTS,Medium_Risk,219.2,980.43,2.3,657.7400000000002,201
2024-10-17,Thursday,Sevilla vs Real Betis,La Liga,Under 3.5,1.4,66.54,6.9,6.9,76.4,LOSS,-66.54,-100.0,957.7,891.16,3,3,32.45,66.7,17.1,Goals_Total,Low_Risk,197.1,980.43,9.1,591.2000000000003,202
2024-10-18,Friday,Union Berlin vs SC Freiburg,Bundesliga,Over 1.5,2.13,71.29,8.0,58.1,74.4,WIN,80.3,112.6,891.16,971.46,1,3,110.7,66.7,59.3,Goals_Total,Medium_Risk,223.8,980.43,0.9,671.5000000000002,203
2024-10-18,Friday,Union Berlin vs SC Freiburg,Bundesliga,Over 9.5 Corners,1.88,77.72,8.0,41.8,75.6,WIN,68.15,87.7,971.46,1039.61,2,3,110.7,66.7,59.3,Corners,Medium_Risk,246.5,1039.61,-0.0,739.6500000000002,204
2024-10-18,Friday,Team 3 vs Team 4,Ligue 1,Home,1.61,37.75,3.6,5.5,65.7,LOSS,-37.75,-100.0,1039.61,1001.86,3,3,110.7,66.7,59.3,Match_Result,High_Risk,234.0,1039.61,3.6,701.9000000000002,205
2024-10-19,Saturday,Everton vs Nottingham Forest,Premier League,Over 9.5 Corners,1.79,80.15,8.0,33.8,75.0,WIN,62.93,78.5,1001.86,1064.8,1,3,30.86,66.7,14.1,Corners,Medium_Risk,254.9,1064.8,0.0,764.8300000000002,206
2024-10-19,Saturday,Everton vs Nottingham Forest,Premier League,Home Under 1.5,1.76,60.7,5.7,10.8,63.0,WIN,46.1,76.0,1064.8,1110.9,2,3,30.86,66.7,14.1,Goals_Total,Medium_Risk,270.3,1110.9,0.0,810.9300000000002,207
2024-10-19,Saturday,Team 3 vs Team 4,Liga MX,Home Under 1.5,1.66,78.17,7.0,11.6,67.2,LOSS,-78.17,-100.0,1110.9,1032.73,3,3,30.86,66.7,14.1,Goals_Total,Medium_Risk,244.2,1110.9,7.0,732.7600000000002,208
2024-10-20,Sunday,Team 1 vs Team 2,MLS,Over 1.5,2.25,82.62,8.0,72.6,76.6,WIN,103.5,125.3,1032.73,1136.23,1,3,246.42,100.0,106.9,Goals_Total,Medium_Risk,278.7,1136.23,0.0,836.2600000000002,209
2024-10-20,Sunday,Team 1 vs Team 2,MLS,Over 9.5 Corners,2.09,90.9,8.0,57.1,75.0,WIN,99.51,109.5,1136.23,1235.74,2,3,246.42,100.0,106.9,Corners,Medium_Risk,311.9,1235.74,-0.0,935.7700000000002,210
2024-10-20,Sunday,Team 1 vs Team 2,MLS,Away Under 1.5,1.76,57.07,4.6,8.8,61.8,WIN,43.4,76.0,1235.74,1279.14,3,3,246.42,100.0,106.9,Goals_Total,High_Risk,326.4,1279.14,-0.0,979.1700000000002,211
2024-10-21,Monday,Liverpool vs Chelsea,Premier League,Over 9.5 Corners,2.18,102.33,8.0,60.3,73.5,LOSS,-102.33,-100.0,1279.14,1176.81,1,2,-196.48,0.0,-100.0,Corners,Medium_Risk,292.3,1279.14,8.0,876.8400000000001,212
2024-10-21,Monday,Liverpool vs Chelsea,Premier League,Over 2.5,2.54,94.14,8.0,48.3,58.3,LOSS,-94.14,-100.0,1176.81,1082.67,2,2,-196.48,0.0,-100.0,Goals_Total,Medium_Risk,260.9,1279.14,15.4,782.7000000000002,213
2024-10-22,Tuesday,AS Roma vs Lazio,Serie A,Home/Away,1.41,86.61,8.0,12.6,79.9,WIN,35.51,41.0,1082.67,1118.18,1,3,148.47,100.0,69.4,Double_Chance,Low_Risk,272.7,1279.14,12.6,818.2100000000002,214
2024-10-22,Tuesday,Team 3 vs Team 4,Ligue 1,Over 9.5 Corners,1.97,89.45,8.0,46.3,74.1,WIN,87.12,97.4,1118.18,1205.3,2,3,148.47,100.0,69.4,Corners,Medium_Risk,301.8,1279.14,5.8,905.3300000000002,215
2024-10-22,Tuesday,Team 3 vs Team 4,Ligue 1,Away Under 1.5,1.68,38.01,3.2,5.4,62.7,WIN,25.84,68.0,1205.3,1231.14,3,3,148.47,100.0,69.4,Goals_Total,High_Risk,310.4,1279.14,3.8,931.1700000000002,216
2024-10-23,Wednesday,Union Berlin vs SC Freiburg,Bundesliga,Under 11.5 Corners,1.47,98.49,8.0,27.4,86.9,LOSS,-98.49,-100.0,1231.14,1132.64,1,2,-189.1,0.0,-100.0,Corners,Low_Risk,277.5,1279.14,11.5,832.6800000000002,217
2024-10-23,Wednesday,Union Berlin vs SC Freiburg,Bundesliga,Home/Away,1.29,90.61,8.0,9.3,84.7,LOSS,-90.61,-100.0,1132.64,1042.03,2,2,-189.1,0.0,-100.0,Double_Chance,Low_Risk,247.3,1279.14,18.5,742.0700000000002,218
2024-10-24,Thursday,Team 1 vs Team 2,Ligue 1,Over 9.5 Corners,1.82,83.36,8.0,33.7,73.4,LOSS,-83.36,-100.0,1042.03,958.67,1,3,-35.39,66.7,-20.4,Corners,Medium_Risk,219.6,1279.14,25.1,658.7100000000002,219
2024-10-24,Thursday,Team 1 vs Team 2,Ligue 1,Away +1,1.56,47.21,4.9,6.9,68.4,WIN,26.62,56.4,958.67,985.29,2,3,-35.39,66.7,-20.4,Asian_Handicap,High_Risk,228.4,1279.14,23.0,685.3300000000002,220
2024-10-24,Thursday,Team 3 vs Team 4,MLS,Under 11.5 Corners,1.5,42.68,4.3,5.4,70.3,WIN,21.35,50.0,985.29,1006.65,3,3,-35.39,66.7,-20.4,Corners,High_Risk,235.5,1279.14,21.3,706.6800000000002,221
2024-10-25,Friday,Eintracht Frankfurt vs VfB Stuttgart,Bundesliga,Over 9.5 Corners,1.74,80.53,8.0,27.9,73.5,LOSS,-80.53,-100.0,1006.65,926.12,1,3,13.85,66.7,7.1,Corners,Medium_Risk,208.7,1279.14,27.6,626.1500000000002,222
2024-10-25,Friday,Liverpool vs Chelsea,Premier League,Over 1.5,1.92,74.09,8.0,41.7,73.7,WIN,68.38,92.3,926.12,994.5,2,3,13.85,66.7,7.1,Goals_Total,Medium_Risk,231.5,1279.14,22.3,694.5300000000002,223
2024-10-25,Friday,Team 13 vs Team 14,Liga MX,Under 11.5 Corners,1.63,41.19,4.1,6.5,65.3,WIN,26.0,63.1,994.5,1020.49,3,3,13.85,66.7,7.1,Corners,High_Risk,240.2,1279.14,20.2,720.5300000000002,224
2024-10-26,Saturday,Atalanta vs Fiorentina,Serie A,Over 2.5,1.86,46.04,4.5,9.7,58.9,LOSS,-46.04,-100.0,1020.49,974.45,1,4,-83.61,50.0,-46.5,Goals_Total,High_Risk,224.8,1279.14,23.8,674.4900000000002,225
2024-10-26,Saturday,Atalanta vs Fiorentina,Serie A,Under 11.5 Corners,1.33,77.96,8.0,9.0,82.1,LOSS,-77.96,-100.0,974.45,896.5,2,4,-83.61,50.0,-46.5,Corners,Low_Risk,198.8,1279.14,29.9,596.5300000000002,226
2024-10-26,Saturday,Team 7 vs Team 8,MLS,Over 2.5,1.78,24.16,2.7,5.3,59.1,WIN,18.85,78.0,896.5,915.34,3,4,-83.61,50.0,-46.5,Goals_Total,High_Risk,205.1,1279.14,28.4,615.3800000000002,227
2024-10-26,Saturday,Team 21 vs Team 22,Ligue 1,Draw/Away,1.68,31.68,3.5,5.9,63.0,WIN,21.54,68.0,915.34,936.88,4,4,-83.61,50.0,-46.5,Double_Chance,High_Risk,212.3,1279.14,26.8,636.9200000000002,228
2024-10-27,Sunday,Real Sociedad vs Getafe,La Liga,Over 9.5 Corners,2.41,74.95,8.0,40.5,58.4,WIN,105.37,140.6,936.88,1042.26,1,3,-4.73,33.3,-2.6,Corners,Medium_Risk,247.4,1279.14,18.5,742.2900000000002,229
2024-10-27,Sunday,Real Sociedad vs Getafe,La Liga,Over 2.5,1.73,83.38,8.0,18.6,68.7,LOSS,-83.38,-100.0,1042.26,958.88,2,3,-4.73,33.3,-2.6,Goals_Total,Medium_Risk,219.6,1279.14,25.0,658.9100000000002,230
2024-10-27,Sunday,Borussia Monchengladbach vs Wolfsburg,Bundesliga,Over 2.5,1.79,26.73,2.8,5.5,58.9,LOSS,-26.73,-100.0,958.88,932.15,3,3,-4.73,33.3,-2.6,Goals_Total,High_Risk,210.7,1279.14,27.1,632.1800000000002,231
2024-10-28,Monday,Bologna vs Torino,Serie A,Over 9.5 Corners,1.88,74.57,8.0,37.7,73.4,WIN,65.42,87.7,932.15,997.57,1,3,-44.83,33.3,-24.3,Corners,Medium_Risk,232.5,1279.14,22.0,697.6000000000001,232
2024-10-28,Monday,Bologna vs Torino,Serie A,Over 2.5,1.87,47.35,4.7,10.4,58.9,LOSS,-47.35,-100.0,997.57,950.22,2,3,-44.83,33.3,-24.3,Goals_Total,Medium_Risk,216.7,1279.14,25.7,650.2500000000001,233
2024-10-28,Monday,Union Berlin vs SC Freiburg,Bundesliga,Home/Draw,1.92,62.9,6.6,15.2,60.0,LOSS,-62.9,-100.0,950.22,887.32,3,3,-44.83,33.3,-24.3,Double_Chance,Medium_Risk,195.8,1279.14,30.6,587.3500000000001,234
2024-10-29,Tuesday,RB Leipzig vs Bayer Leverkusen,Bundesliga,Over 1.5,2.01,70.99,8.0,48.4,73.7,WIN,71.94,101.3,887.32,959.25,1,2,-4.8,50.0,-3.3,Goals_Total,Medium_Risk,219.8,1279.14,25.0,659.2900000000002,235
2024-10-29,Tuesday,RB Leipzig vs Bayer Leverkusen,Bundesliga,Home Under 1.5,1.75,76.74,8.0,40.0,79.9,LOSS,-76.74,-100.0,959.25,882.51,2,2,-4.8,50.0,-3.3,Goals_Total,Medium_Risk,194.2,1279.14,31.0,582.5500000000002,236
2024-10-30,Wednesday,Everton vs Nottingham Forest,Premier League,Over 9.5 Corners,2.15,70.6,8.0,62.8,75.6,LOSS,-70.6,-100.0,882.51,811.91,1,2,-11.51,50.0,-8.5,Corners,Medium_Risk,170.6,1279.14,36.5,511.95000000000016,237
2024-10-30,Wednesday,Manchester City vs Arsenal,Premier League,Over 1.5,1.91,64.95,8.0,42.0,74.4,WIN,59.1,91.0,811.91,871.01,2,2,-11.51,50.0,-8.5,Goals_Total,Medium_Risk,190.3,1279.14,31.9,571.0500000000002,238
2024-10-31,Thursday,Bologna vs Torino,Serie A,Over 2.5,1.5,69.68,8.0,15.8,77.0,LOSS,-69.68,-100.0,871.01,801.33,1,2,-133.79,0.0,-100.0,Goals_Total,Medium_Risk,167.1,1279.14,37.4,501.3700000000002,239
2024-10-31,Thursday,Team 3 vs Team 4,Other,Over 9.5 Corners,2.17,64.11,8.0,52.7,70.4,LOSS,-64.11,-100.0,801.33,737.22,2,2,-133.79,0.0,-100.0,Corners,Medium_Risk,145.7,1279.14,42.4,437.26000000000016,240
2024-11-01,Friday,Brentford vs Wolves,Premier League,Over 9.5 Corners,1.86,58.98,8.0,40.5,75.6,WIN,50.74,86.0,737.22,787.96,1,2,113.54,100.0,93.1,Corners,Medium_Risk,162.7,1279.14,38.4,488.00000000000017,241
2024-11-01,Friday,Manchester City vs Arsenal,Premier League,Over 9.5 Corners,2.0,63.04,8.0,58.6,79.4,WIN,62.8,99.6,787.96,850.76,2,2,113.54,100.0,93.1,Corners,Medium_Risk,183.6,1279.14,33.5,550.8000000000002,242
2024-11-02,Saturday,Villarreal vs Athletic Bilbao,La Liga,Over 1.5,2.1,68.06,8.0,61.5,76.9,LOSS,-68.06,-100.0,850.76,782.7,1,2,-130.68,0.0,-100.0,Goals_Total,Medium_Risk,160.9,1279.14,38.8,482.7400000000002,243
2024-11-02,Saturday,Villarreal vs Athletic Bilbao,La Liga,Over 2.5,2.24,62.62,8.0,32.6,59.1,LOSS,-62.62,-100.0,782.7,720.08,2,2,-130.68,0.0,-100.0,Goals_Total,Medium_Risk,140.0,1279.14,43.7,420.1200000000002,244
2024-11-03,Sunday,RB Leipzig vs Bayer Leverkusen,Bundesliga,Over 9.5 Corners,1.92,57.61,8.0,45.3,75.6,WIN,53.21,92.4,720.08,773.3,1,3,24.68,66.7,19.6,Corners,Medium_Risk,157.8,1279.14,39.5,473.33000000000015,245
2024-11-03,Sunday,RB Leipzig vs Bayer Leverkusen,Bundesliga,Away +1,1.59,46.33,6.0,8.9,68.4,LOSS,-46.33,-100.0,773.3,726.97,2,3,24.68,66.7,19.6,Asian_Handicap,High_Risk,142.3,1279.14,43.2,427.00000000000017,246
2024-11-03,Sunday,RB Leipzig vs Bayer Leverkusen,Bundesliga,Over 2.5,1.81,21.93,3.0,6.1,58.6,WIN,17.79,81.1,726.97,744.77,3,3,24.68,66.7,19.6,Goals_Total,High_Risk,148.3,1279.14,41.8,444.7900000000002,247
2024-11-04,Monday,Union Berlin vs SC Freiburg,Bundesliga,Over 2.5,1.88,59.58,8.0,68.2,89.3,WIN,52.7,88.4,744.77,797.46,1,2,77.21,100.0,62.6,Goals_Total,Medium_Risk,165.8,1279.14,37.7,497.4900000000002,248
2024-11-04,Monday,Union Berlin vs SC Freiburg,Bundesliga,Away +1,1.38,63.8,8.0,10.7,80.0,WIN,24.51,38.4,797.46,821.98,2,2,77.21,100.0,62.6,Asian_Handicap,Low_Risk,174.0,1279.14,35.7,522.0000000000002,249
2024-11-05,Tuesday,Team 1 vs Team 2,Championship,Over 9.5 Corners,2.19,65.76,8.0,64.4,74.9,LOSS,-65.76,-100.0,821.98,756.22,1,2,-4.66,50.0,-3.7,Corners,Medium_Risk,152.1,1279.14,40.9,456.24000000000024,250
2024-11-05,Tuesday,Team 1 vs Team 2,Championship,BTTS No,2.01,60.5,8.0,27.6,63.5,WIN,61.1,101.0,756.22,817.32,2,2,-4.66,50.0,-3.7,BTTS,Medium_Risk,172.4,1279.14,36.1,517.3400000000003,251
2024-11-06,Wednesday,Team 1 vs Team 2,Ligue 1,Over 9.5 Corners,2.15,65.39,8.0,60.8,74.9,WIN,74.95,114.6,817.32,892.27,1,3,253.1,100.0,147.1,Corners,Medium_Risk,197.4,1279.14,30.2,592.2900000000003,252
2024-11-06,Wednesday,Team 3 vs Team 4,Championship,Away Over 1.5,3.17,71.38,8.0,95.4,61.6,WIN,154.87,217.0,892.27,1047.14,2,3,253.1,100.0,147.1,Goals_Total,Medium_Risk,249.0,1279.14,18.1,747.1600000000003,253
2024-11-06,Wednesday,Atalanta vs Fiorentina,Serie A,Home Under 1.5,1.66,35.34,3.4,5.6,63.6,WIN,23.28,65.9,1047.14,1070.42,3,3,253.1,100.0,147.1,Goals_Total,High_Risk,256.8,1279.14,16.3,770.4400000000003,254
2024-11-07,Thursday,RB Leipzig vs Bayer Leverkusen,Bundesliga,Over 1.5,1.83,85.63,8.0,35.9,74.4,LOSS,-85.63,-100.0,1070.42,984.79,1,2,-3.7,50.0,-2.2,Goals_Total,Medium_Risk,228.3,1279.14,23.0,684.8100000000003,255
2024-11-07,Thursday,RB Leipzig vs Bayer Leverkusen,Bundesliga,BTTS No,2.04,78.78,8.0,22.7,60.1,WIN,81.93,104.0,984.79,1066.72,2,2,-3.7,50.0,-2.2,BTTS,Medium_Risk,255.6,1279.14,16.6,766.7400000000002,256
2024-11-08,Friday,Osasuna vs Celta Vigo,La Liga,Over 1.5,2.22,85.34,8.0,63.4,73.7,LOSS,-85.34,-100.0,1066.72,981.38,1,3,68.65,66.7,33.4,Goals_Total,Medium_Risk,227.1,1279.14,23.3,681.4000000000002,257
2024-11-08,Friday,Osasuna vs Celta Vigo,La Liga,BTTS No,2.63,78.51,8.0,54.7,58.8,WIN,127.97,163.0,981.38,1109.36,2,3,68.65,66.7,33.4,BTTS,Medium_Risk,269.8,1279.14,13.3,809.3700000000002,258
2024-11-08,Friday,Team 3 vs Team 4,Eredivisie,Home Under 1.5,1.62,41.75,3.8,5.9,65.2,WIN,26.01,62.3,1109.36,1135.37,3,3,68.65,66.7,33.4,Goals_Total,High_Risk,278.5,1279.14,11.2,835.3800000000002,259
2024-11-09,Saturday,Manchester City vs Arsenal,Premier League,Over 9.5 Corners,1.93,90.83,8.0,41.1,72.9,LOSS,-90.83,-100.0,1135.37,1044.54,1,3,-85.95,33.3,-44.4,Corners,Medium_Risk,248.2,1279.14,18.3,744.5500000000002,260
2024-11-09,Saturday,Manchester City vs Arsenal,Premier League,Over 2.5,1.83,39.31,3.8,7.8,58.9,LOSS,-39.31,-100.0,1044.54,1005.23,2,3,-85.95,33.3,-44.4,Goals_Total,High_Risk,235.1,1279.14,21.4,705.2400000000002,261
2024-11-09,Saturday,Team 5 vs Team 6,Eredivisie,Away Under 1.5,1.7,63.3,6.3,11.0,65.4,WIN,44.2,69.8,1005.23,1049.42,3,3,-85.95,33.3,-44.4,Goals_Total,Medium_Risk,249.8,1279.14,18.0,749.4400000000003,262
2024-11-10,Sunday,Real Madrid vs Barcelona,La Liga,Home/Draw,2.26,83.95,8.0,31.8,58.3,WIN,105.78,126.0,1049.42,1155.21,1,3,145.39,66.7,62.0,Double_Chance,Medium_Risk,285.1,1279.14,9.7,855.2200000000003,263
2024-11-10,Sunday,Villarreal vs Athletic Bilbao,La Liga,Over 9.5 Corners,2.06,92.42,8.0,55.5,75.6,WIN,97.85,105.9,1155.21,1253.06,2,3,145.39,66.7,62.0,Corners,Medium_Risk,317.7,1279.14,2.0,953.0700000000003,264
2024-11-10,Sunday,Newcastle vs Brighton,Premier League,Over 2.5,1.86,58.24,4.6,10.0,59.1,LOSS,-58.24,-100.0,1253.06,1194.82,3,3,145.39,66.7,62.0,Goals_Total,High_Risk,298.3,1279.14,6.6,894.8300000000003,265
2024-11-11,Monday,Bayern Munich vs Borussia Dortmund,Bundesliga,Home Over 1.5,2.38,95.59,8.0,52.9,64.2,LOSS,-95.59,-100.0,1194.82,1099.23,1,2,-52.01,50.0,-28.3,Goals_Total,Medium_Risk,266.4,1279.14,14.1,799.2400000000002,266
2024-11-11,Monday,Bayern Munich vs Borussia Dortmund,Bundesliga,Under 11.5 Corners,1.5,87.94,8.0,26.7,84.7,WIN,43.58,49.6,1099.23,1142.81,2,2,-52.01,50.0,-28.3,Corners,Low_Risk,280.9,1279.14,10.7,842.8200000000003,267
2024-11-12,Tuesday,Team 1 vs Team 2,Eredivisie,Over 9.5 Corners,2.47,91.42,8.0,48.5,60.2,WIN,134.05,146.6,1142.81,1276.86,1,3,205.25,100.0,93.4,Corners,Medium_Risk,325.6,1279.14,0.2,976.8700000000003,268
2024-11-12,Tuesday,Team 1 vs Team 2,Eredivisie,Under 11.5 Corners,1.45,81.94,6.4,7.1,74.1,WIN,36.49,44.5,1276.86,1313.34,2,3,205.25,100.0,93.4,Corners,Low_Risk,337.8,1313.34,-0.0,1013.3600000000004,269
2024-11-12,Tuesday,Team 1 vs Team 2,Eredivisie,Over 2.5,1.75,46.41,3.5,6.6,61.0,WIN,34.72,74.8,1313.34,1348.06,3,3,205.25,100.0,93.4,Goals_Total,High_Risk,349.4,1348.06,-0.0,1048.0800000000004,270
2024-11-13,Wednesday,Team 1 vs Team 2,Ligue 1,BTTS No,2.65,107.84,8.0,59.4,60.1,LOSS,-107.84,-100.0,1348.06,1240.22,1,2,-207.06,0.0,-100.0,BTTS,Medium_Risk,313.4,1348.06,8.0,940.2400000000004,271
2024-11-13,Wednesday,Team 1 vs Team 2,Ligue 1,Over 9.5 Corners,2.09,99.22,8.0,55.7,74.4,LOSS,-99.22,-100.0,1240.22,1141.0,2,2,-207.06,0.0,-100.0,Corners,Medium_Risk,280.3,1348.06,15.4,841.0200000000003,272
2024-11-14,Thursday,Real Madrid vs Barcelona,La Liga,Under 11.5 Corners,1.37,91.28,8.0,12.4,82.0,LOSS,-91.28,-100.0,1141.0,1049.72,1,3,8.92,66.7,4.3,Corners,Low_Risk,249.9,1348.06,22.1,749.7400000000004,273
2024-11-14,Thursday,Team 3 vs Team 4,Eredivisie,Over 9.5 Corners,1.91,83.98,8.0,35.0,70.6,WIN,76.56,91.2,1049.72,1126.28,2,3,8.92,66.7,4.3,Corners,Medium_Risk,275.4,1348.06,16.5,826.3000000000004,274
2024-11-14,Thursday,Real Sociedad vs Getafe,La Liga,Home Under 1.5,1.69,34.23,3.0,5.2,62.3,WIN,23.64,69.1,1126.28,1149.92,3,3,8.92,66.7,4.3,Goals_Total,High_Risk,283.3,1348.06,14.7,849.9400000000004,275
2024-11-15,Friday,Sevilla vs Real Betis,La Liga,Over 9.5 Corners,2.07,91.99,8.0,34.9,65.2,LOSS,-91.99,-100.0,1149.92,1057.92,1,2,-176.63,0.0,-100.0,Corners,Medium_Risk,252.6,1348.06,21.5,757.9500000000004,276
2024-11-15,Friday,Real Sociedad vs Getafe,La Liga,Over 9.5 Corners,1.96,84.63,8.0,45.2,74.1,LOSS,-84.63,-100.0,1057.92,973.29,2,2,-176.63,0.0,-100.0,Corners,Medium_Risk,224.4,1348.06,27.8,673.3200000000004,277
2024-11-16,Saturday,Team 1 vs Team 2,Ligue 1,Over 9.5 Corners,2.06,77.86,8.0,51.2,73.4,WIN,82.63,106.1,973.29,1055.92,1,2,-1.84,50.0,-1.1,Corners,Medium_Risk,252.0,1348.06,21.7,755.9500000000004,278
2024-11-16,Saturday,Team 1 vs Team 2,Ligue 1,Draw/Away,1.94,84.47,8.0,24.4,64.1,LOSS,-84.47,-100.0,1055.92,971.45,2,2,-1.84,50.0,-1.1,Double_Chance,Medium_Risk,223.8,1348.06,27.9,671.4800000000004,279
2024-11-17,Sunday,Liverpool vs Chelsea,Premier League,BTTS No,2.0,77.72,8.0,20.3,60.1,WIN,77.72,100.0,971.45,1049.17,1,2,-6.22,50.0,-3.8,BTTS,Medium_Risk,249.7,1348.06,22.2,749.2000000000004,280
2024-11-17,Sunday,Liverpool vs Chelsea,Premier League,Away Under 1.5,1.54,83.93,8.0,14.3,74.4,LOSS,-83.93,-100.0,1049.17,965.23,2,2,-6.22,50.0,-3.8,Goals_Total,Medium_Risk,221.7,1348.06,28.4,665.2700000000004,281
2024-11-18,Monday,Bayern Munich vs Borussia Dortmund,Bundesliga,Over 9.5 Corners,1.98,77.22,8.0,48.2,74.9,WIN,75.46,97.7,965.23,1040.69,1,3,110.29,66.7,51.7,Corners,Medium_Risk,246.9,1348.06,22.8,740.7300000000005,282
2024-11-18,Monday,Team 3 vs Team 4,Eredivisie,Over 9.5 Corners,2.05,83.26,8.0,39.9,68.1,WIN,87.6,105.2,1040.69,1128.3,2,3,110.29,66.7,51.7,Corners,Medium_Risk,276.1,1348.06,16.3,828.3300000000005,283
2024-11-18,Monday,Team 3 vs Team 4,Eredivisie,Home Under 1.5,1.71,52.77,4.7,8.3,63.5,LOSS,-52.77,-100.0,1128.3,1075.53,3,3,110.29,66.7,51.7,Goals_Total,High_Risk,258.5,1348.06,20.2,775.5600000000005,284
2024-11-19,Tuesday,Team 1 vs Team 2,Liga MX,Over 2.5,2.68,86.04,8.0,71.7,64.2,LOSS,-86.04,-100.0,1075.53,989.48,1,3,-42.51,33.3,-19.7,Goals_Total,Medium_Risk,229.8,1348.06,26.6,689.5200000000006,285
2024-11-19,Tuesday,Team 1 vs Team 2,Liga MX,Over 9.5 Corners,2.19,79.16,8.0,62.1,74.1,WIN,93.98,118.7,989.48,1083.46,2,3,-42.51,33.3,-19.7,Corners,Medium_Risk,261.2,1348.06,19.6,783.5000000000006,286
2024-11-19,Tuesday,Juventus vs AC Milan,Serie A,Away Under 1.5,1.67,50.44,4.7,7.8,64.4,LOSS,-50.44,-100.0,1083.46,1033.02,3,3,-42.51,33.3,-19.7,Goals_Total,High_Risk,244.3,1348.06,23.4,733.0600000000006,287
2024-11-20,Wednesday,Bayern Munich vs Borussia Dortmund,Bundesliga,BTTS No,2.53,82.64,8.0,52.2,60.1,LOSS,-82.64,-100.0,1033.02,950.38,1,3,19.39,66.7,9.8,BTTS,Medium_Risk,216.8,1348.06,29.5,650.4200000000006,288
2024-11-20,Wednesday,Bayern Munich vs Borussia Dortmund,Bundesliga,Over 9.5 Corners,1.93,76.03,8.0,45.6,75.6,WIN,70.54,92.8,950.38,1020.91,2,3,19.39,66.7,9.8,Corners,Medium_Risk,240.3,1348.06,24.3,720.9600000000006,289
2024-11-20,Wednesday,Juventus vs AC Milan,Serie A,Under 2.5,1.79,39.93,3.9,7.7,60.2,WIN,31.49,78.9,1020.91,1052.41,3,3,19.39,66.7,9.8,Goals_Total,High_Risk,250.8,1348.06,21.9,752.4500000000006,290
2024-11-21,Thursday,Atletico Madrid vs Valencia,La Liga,Over 1.5,2.23,84.19,8.0,59.7,71.8,WIN,103.19,122.6,1052.41,1155.59,1,3,80.21,66.7,40.7,Goals_Total,Medium_Risk,285.2,1348.06,14.3,855.6400000000006,291
2024-11-21,Thursday,Atletico Madrid vs Valencia,La Liga,Away Under 1.5,1.75,57.91,5.0,9.5,62.4,LOSS,-57.91,-100.0,1155.59,1097.69,2,3,80.21,66.7,40.7,Goals_Total,High_Risk,265.9,1348.06,18.6,797.7300000000006,292
2024-11-21,Thursday,Atletico Madrid vs Valencia,La Liga,Home Under 1.5,1.63,55.13,5.0,8.0,66.1,WIN,34.93,63.4,1097.69,1132.62,3,3,80.21,66.7,40.7,Goals_Total,High_Risk,277.5,1348.06,16.0,832.6600000000005,293
2024-11-22,Friday,Borussia Monchengladbach vs Wolfsburg,Bundesliga,Over 9.5 Corners,3.04,90.61,8.0,80.0,59.3,LOSS,-90.61,-100.0,1132.62,1042.01,1,2,-173.97,0.0,-100.0,Corners,Medium_Risk,247.3,1348.06,22.7,742.0500000000005,294
2024-11-22,Friday,Borussia Monchengladbach vs Wolfsburg,Bundesliga,BTTS No,2.67,83.36,8.0,57.4,58.9,LOSS,-83.36,-100.0,1042.01,958.65,2,2,-173.97,0.0,-100.0,BTTS,Medium_Risk,219.5,1348.06,28.9,658.6900000000005,295
2024-11-23,Saturday,Team 1 vs Team 2,Eredivisie,Over 1.5,2.28,76.69,8.0,68.5,73.8,WIN,98.4,128.3,958.65,1057.04,1,2,13.83,50.0,8.6,Goals_Total,Medium_Risk,252.3,1348.06,21.6,757.0900000000005,296
2024-11-23,Saturday,Team 1 vs Team 2,Eredivisie,BTTS No,2.33,84.56,8.0,40.1,60.1,LOSS,-84.56,-100.0,1057.04,972.48,2,2,13.83,50.0,8.6,BTTS,Medium_Risk,224.2,1348.06,27.9,672.5300000000004,297
2024-11-24,Sunday,Real Madrid vs Barcelona,La Liga,Over 9.5 Corners,1.7,77.8,8.0,22.4,71.9,LOSS,-77.8,-100.0,972.48,894.68,1,4,-68.11,50.0,-39.1,Corners,Medium_Risk,198.2,1348.06,33.6,594.7300000000005,298
2024-11-24,Sunday,Real Madrid vs Barcelona,La Liga,Home Under 1.5,1.68,35.84,4.0,6.8,63.5,WIN,24.51,68.4,894.68,919.19,2,4,-68.11,50.0,-39.1,Goals_Total,High_Risk,206.4,1348.06,31.8,619.2400000000005,299
2024-11-24,Sunday,Sevilla vs Real Betis,La Liga,Away Under 1.5,1.59,34.19,3.7,5.5,66.5,LOSS,-34.19,-100.0,919.19,884.99,3,4,-68.11,50.0,-39.1,Goals_Total,High_Risk,195.0,1348.06,34.4,585.0500000000004,300
2024-11-24,Sunday,Real Madrid vs Barcelona,La Liga,Home Under 1.5,1.74,26.2,3.0,5.5,60.6,WIN,19.37,73.9,884.99,904.37,4,4,-68.11,50.0,-39.1,Goals_Total,High_Risk,201.5,1348.06,32.9,604.4200000000004,301
2024-11-25,Monday,Team 1 vs Team 2,Championship,Over 9.5 Corners,2.14,72.35,8.0,61.6,75.6,WIN,82.38,113.9,904.37,986.75,1,3,185.56,100.0,88.5,Corners,Medium_Risk,228.9,1348.06,26.8,686.8000000000004,302
2024-11-25,Monday,Inter Milan vs Napoli,Serie A,Over 9.5 Corners,1.95,78.94,8.0,49.7,76.6,WIN,75.29,95.4,986.75,1062.04,2,3,185.56,100.0,88.5,Corners,Medium_Risk,254.0,1348.06,21.2,762.0900000000004,303
2024-11-25,Monday,Team 5 vs Team 6,MLS,Away +1,1.48,58.47,5.5,6.6,72.2,WIN,27.88,47.7,1062.04,1089.93,3,3,185.56,100.0,88.5,Asian_Handicap,Low_Risk,263.3,1348.06,19.1,789.9700000000004,304
2024-11-26,Tuesday,Team 1 vs Team 2,MLS,Over 1.5,2.18,87.19,8.0,68.9,77.5,WIN,102.94,118.1,1089.93,1192.87,1,3,32.0,66.7,14.7,Goals_Total,Medium_Risk,297.6,1348.06,11.5,892.9100000000003,305
2024-11-26,Tuesday,Team 1 vs Team 2,MLS,Under 11.5 Corners,1.46,95.43,8.0,32.4,90.9,LOSS,-95.43,-100.0,1192.87,1097.44,2,3,32.0,66.7,14.7,Corners,Low_Risk,265.8,1348.06,18.6,797.4800000000002,306
2024-11-26,Tuesday,Borussia Monchengladbach vs Wolfsburg,Bundesliga,Home Under 1.5,1.69,35.25,3.2,5.6,62.3,WIN,24.49,69.5,1097.44,1121.93,3,3,32.0,66.7,14.7,Goals_Total,High_Risk,274.0,1348.06,16.8,821.9700000000003,307
2024-11-27,Wednesday,Sassuolo vs Udinese,Serie A,Home Over 1.5,1.83,89.75,8.0,38.2,75.3,LOSS,-89.75,-100.0,1121.93,1032.17,1,2,-37.08,50.0,-21.5,Goals_Total,Medium_Risk,244.1,1348.06,23.4,732.2200000000003,308
2024-11-27,Wednesday,Sassuolo vs Udinese,Serie A,Over 2.5,1.64,82.57,8.0,22.5,74.8,WIN,52.67,63.8,1032.17,1084.84,2,2,-37.08,50.0,-21.5,Goals_Total,Medium_Risk,261.6,1348.06,19.5,784.8900000000002,309
2024-11-28,Thursday,Liverpool vs Chelsea,Premier League,Under 11.5 Corners,1.47,86.79,8.0,30.4,88.7,LOSS,-86.79,-100.0,1084.84,998.06,1,2,-36.15,50.0,-21.7,Corners,Low_Risk,232.7,1348.06,26.0,698.1000000000003,310
2024-11-28,Thursday,Liverpool vs Chelsea,Premier League,Home Under 1.5,1.63,79.84,8.0,20.7,73.9,WIN,50.63,63.4,998.06,1048.69,2,2,-36.15,50.0,-21.7,Goals_Total,Medium_Risk,249.6,1348.06,22.2,748.7300000000002,311
2024-11-29,Friday,Team 1 vs Team 2,Ligue 1,Draw/Away,1.97,83.9,8.0,20.1,60.9,WIN,81.38,97.0,1048.69,1130.07,1,3,132.25,100.0,58.3,Double_Chance,Medium_Risk,276.7,1348.06,16.2,830.1100000000002,312
2024-11-29,Friday,Team 1 vs Team 2,Ligue 1,Home/Away,1.35,75.96,6.7,5.9,78.4,WIN,26.59,35.0,1130.07,1156.65,2,3,132.25,100.0,58.3,Double_Chance,Low_Risk,285.6,1348.06,14.2,856.7000000000003,313
2024-11-29,Friday,Atalanta vs Fiorentina,Serie A,Under 3.5,1.36,67.01,5.8,5.2,77.3,WIN,24.28,36.2,1156.65,1180.94,3,3,132.25,100.0,58.3,Goals_Total,Low_Risk,293.6,1348.06,12.4,880.9800000000002,314
2024-11-30,Saturday,Inter Milan vs Napoli,Serie A,Home +1,1.59,94.48,8.0,25.1,78.7,WIN,55.62,58.9,1180.94,1236.56,1,3,119.6,100.0,47.7,Asian_Handicap,Medium_Risk,312.2,1348.06,8.3,936.6000000000003,315
2024-11-30,Saturday,Inter Milan vs Napoli,Serie A,Under 11.5 Corners,1.33,98.92,8.0,20.4,90.8,WIN,32.26,32.6,1236.56,1268.81,2,3,119.6,100.0,47.7,Corners,Low_Risk,322.9,1348.06,5.9,968.8600000000002,316
2024-11-30,Saturday,Team 3 vs Team 4,Ligue 1,Away +1,1.55,57.28,4.5,6.3,68.4,WIN,31.72,55.4,1268.81,1300.54,3,3,119.6,100.0,47.7,Asian_Handicap,High_Risk,333.5,1348.06,3.5,1000.5800000000003,317
2024-12-01,Sunday,RB Leipzig vs Bayer Leverkusen,Bundesliga,BTTS No,2.16,104.04,8.0,37.9,63.8,LOSS,-104.04,-100.0,1300.54,1196.49,1,3,42.12,66.7,16.3,BTTS,Medium_Risk,298.8,1348.06,11.2,896.5400000000003,318
2024-12-01,Sunday,RB Leipzig vs Bayer Leverkusen,Bundesliga,Over 9.5 Corners,2.06,95.72,8.0,33.1,64.6,WIN,101.55,106.1,1196.49,1298.04,2,3,42.12,66.7,16.3,Corners,Medium_Risk,332.7,1348.06,3.7,998.0900000000003,319
2024-12-01,Sunday,RB Leipzig vs Bayer Leverkusen,Bundesliga,Over 2.5,1.75,59.21,4.6,8.6,61.9,WIN,44.61,75.4,1298.04,1342.65,3,3,42.12,66.7,16.3,Goals_Total,High_Risk,347.6,1348.06,0.4,1042.7000000000003,320
2024-12-02,Monday,Team 1 vs Team 2,MLS,BTTS No,2.1,107.41,8.0,26.3,60.1,WIN,118.15,110.0,1342.65,1460.8,1,2,163.45,100.0,72.9,BTTS,Medium_Risk,386.9,1460.8,-0.0,1160.8500000000004,321
2024-12-02,Monday,Team 1 vs Team 2,MLS,Under 11.5 Corners,1.39,116.86,8.0,19.2,85.9,WIN,45.3,38.8,1460.8,1506.11,2,2,163.45,100.0,72.9,Corners,Low_Risk,402.0,1506.11,0.0,1206.1500000000003,322
2024-12-03,Tuesday,Real Sociedad vs Getafe,La Liga,Home Under 1.5,1.66,49.19,3.3,5.4,63.6,WIN,32.24,65.5,1506.11,1538.34,1,4,159.56,75.0,49.1,Goals_Total,High_Risk,412.8,1538.34,-0.0,1238.3900000000003,323
2024-12-03,Tuesday,Team 3 vs Team 4,MLS,Over 9.5 Corners,2.09,123.07,8.0,41.7,67.7,WIN,134.45,109.2,1538.34,1672.79,2,4,159.56,75.0,49.1,Corners,Medium_Risk,457.6,1672.79,-0.0,1372.8400000000004,324
2024-12-03,Tuesday,Team 3 vs Team 4,MLS,Away Under 1.5,1.69,86.21,5.2,8.9,64.4,WIN,59.48,69.0,1672.79,1732.27,3,4,159.56,75.0,49.1,Goals_Total,High_Risk,477.4,1732.27,-0.0,1432.3200000000004,325
2024-12-03,Tuesday,Team 3 vs Team 4,MLS,Over 2.5,1.83,66.61,3.8,8.0,58.9,LOSS,-66.61,-100.0,1732.27,1665.66,4,4,159.56,75.0,49.1,Goals_Total,High_Risk,455.2,1732.27,3.8,1365.7100000000005,326
2024-12-04,Wednesday,Team 1 vs Team 2,Eredivisie,Over 1.5,2.29,133.25,8.0,68.8,73.7,WIN,172.09,129.1,1665.66,1837.75,1,3,361.82,100.0,93.7,Goals_Total,Medium_Risk,512.6,1837.75,0.0,1537.8000000000004,327
2024-12-04,Wednesday,Team 1 vs Team 2,Eredivisie,Over 9.5 Corners,1.88,147.02,8.0,32.3,70.5,WIN,128.67,87.5,1837.75,1966.42,2,3,361.82,100.0,93.7,Corners,Medium_Risk,555.5,1966.42,-0.0,1666.4700000000005,328
2024-12-04,Wednesday,Team 1 vs Team 2,Eredivisie,Away +1,1.58,106.03,5.4,7.8,68.4,WIN,61.06,57.6,1966.42,2027.48,3,3,361.82,100.0,93.7,Asian_Handicap,High_Risk,575.8,2027.48,-0.0,1727.5300000000004,329
2024-12-05,Thursday,Osasuna vs Celta Vigo,La Liga,Over 1.5,2.35,162.2,8.0,74.9,74.4,LOSS,-162.2,-100.0,2027.48,1865.29,1,2,-37.86,50.0,-12.2,Goals_Total,Medium_Risk,521.8,2027.48,8.0,1565.3300000000004,330
2024-12-05,Thursday,Osasuna vs Celta Vigo,La Liga,Over 9.5 Corners,1.83,149.22,8.0,38.5,75.6,WIN,124.34,83.3,1865.29,1989.63,2,2,-37.86,50.0,-12.2,Corners,Medium_Risk,563.2,2027.48,1.9,1689.6700000000003,331
2024-12-06,Friday,Team 1 vs Team 2,Ligue 1,Over 9.5 Corners,1.94,159.17,8.0,42.5,73.5,WIN,149.52,93.9,1989.63,2139.15,1,3,135.2,66.7,30.7,Corners,Medium_Risk,613.0,2139.15,0.0,1839.1900000000003,332
2024-12-06,Friday,Team 1 vs Team 2,Ligue 1,Over 2.5,1.57,170.87,8.0,11.3,71.1,WIN,96.71,56.6,2139.15,2235.85,2,3,135.2,66.7,30.7,Goals_Total,Medium_Risk,645.3,2235.85,-0.0,1935.9000000000003,333
2024-12-06,Friday,Atalanta vs Fiorentina,Serie A,Under 11.5 Corners,1.47,111.03,5.0,5.8,72.0,LOSS,-111.03,-100.0,2235.85,2124.83,3,3,135.2,66.7,30.7,Corners,Low_Risk,608.3,2235.85,5.0,1824.8700000000003,334
2024-12-07,Saturday,Sassuolo vs Udinese,Serie A,Over 9.5 Corners,2.1,169.99,8.0,49.7,71.3,WIN,186.82,109.9,2124.83,2311.65,1,3,455.5,100.0,101.1,Corners,Medium_Risk,670.5,2311.65,0.0,2011.6900000000003,335
2024-12-07,Saturday,Osasuna vs Celta Vigo,La Liga,Over 1.5,2.08,184.93,8.0,61.4,77.5,WIN,200.42,108.4,2311.65,2512.07,2,3,455.5,100.0,101.1,Goals_Total,Medium_Risk,737.4,2512.07,-0.0,2212.11,336
2024-12-07,Saturday,Team 7 vs Team 8,MLS,Home Under 1.5,1.71,95.57,3.8,6.8,62.3,WIN,68.25,71.4,2512.07,2580.33,3,3,455.5,100.0,101.1,Goals_Total,High_Risk,760.1,2580.33,0.0,2280.36,337
2024-12-08,Sunday,RB Leipzig vs Bayer Leverkusen,Bundesliga,Over 9.5 Corners,1.83,206.43,8.0,40.2,76.6,WIN,171.47,83.1,2580.33,2751.8,1,2,-15.33,50.0,-3.9,Corners,Medium_Risk,817.3,2751.8,0.0,2451.83,338
2024-12-08,Sunday,RB Leipzig vs Bayer Leverkusen,Bundesliga,Over 2.5,1.54,186.8,6.8,9.1,71.0,LOSS,-186.8,-100.0,2751.8,2564.99,2,2,-15.33,50.0,-3.9,Goals_Total,High_Risk,755.0,2751.8,6.8,2265.0299999999997,339
2024-12-09,Monday,Union Berlin vs SC Freiburg,Bundesliga,Over 9.5 Corners,2.01,205.2,8.0,47.2,73.4,LOSS,-205.2,-100.0,2564.99,2359.79,1,3,-421.46,0.0,-100.0,Corners,Medium_Risk,686.6,2751.8,14.2,2059.83,340
2024-12-09,Monday,Union Berlin vs SC Freiburg,Bundesliga,Over 2.5,1.83,112.87,4.8,9.9,60.1,LOSS,-112.87,-100.0,2359.79,2246.93,2,3,-421.46,0.0,-100.0,Goals_Total,High_Risk,649.0,2751.8,18.3,1946.96,341
2024-12-09,Monday,Real Sociedad vs Getafe,La Liga,Draw/Away,1.79,103.4,4.6,9.1,60.9,LOSS,-103.4,-100.0,2246.93,2143.53,3,3,-421.46,0.0,-100.0,Double_Chance,High_Risk,614.5,2751.8,22.1,1843.56,342
2024-12-10,Tuesday,Team 1 vs Team 2,Ligue 1,Over 9.5 Corners,2.0,171.48,8.0,50.2,74.9,WIN,172.15,100.4,2143.53,2315.68,1,2,-13.11,50.0,-3.7,Corners,Medium_Risk,671.9,2751.8,15.8,2015.71,343
2024-12-10,Tuesday,Team 1 vs Team 2,Ligue 1,BTTS No,2.11,185.25,8.0,39.4,66.1,LOSS,-185.25,-100.0,2315.68,2130.42,2,2,-13.11,50.0,-3.7,BTTS,Medium_Risk,610.1,2751.8,22.6,1830.46,344
2024-12-11,Wednesday,Brentford vs Wolves,Premier League,Over 9.5 Corners,1.74,170.43,8.0,27.8,73.4,WIN,126.38,74.1,2130.42,2256.8,1,3,413.64,100.0,84.7,Corners,Medium_Risk,652.3,2751.8,18.0,1956.8400000000001,345
2024-12-11,Wednesday,Newcastle vs Brighton,Premier League,Over 9.5 Corners,2.15,180.54,8.0,62.4,75.6,WIN,207.6,115.0,2256.8,2464.4,2,3,413.64,100.0,84.7,Corners,Medium_Risk,721.5,2751.8,10.4,2164.44,346
2024-12-11,Wednesday,Sevilla vs Real Betis,La Liga,Away +1,1.58,137.21,5.6,8.1,68.4,WIN,79.66,58.1,2464.4,2544.06,3,3,413.64,100.0,84.7,Asian_Handicap,High_Risk,748.0,2751.8,7.5,2244.1,347
2024-12-12,Thursday,Eintracht Frankfurt vs VfB Stuttgart,Bundesliga,Over 9.5 Corners,2.99,203.52,8.0,80.4,60.4,LOSS,-203.52,-100.0,2544.06,2340.54,1,2,-124.05,50.0,-31.7,Corners,Medium_Risk,680.2,2751.8,14.9,2040.58,348
2024-12-12,Thursday,Borussia Monchengladbach vs Wolfsburg,Bundesliga,Under 11.5 Corners,1.42,187.24,8.0,29.3,90.8,WIN,79.47,42.4,2340.54,2420.01,2,2,-124.05,50.0,-31.7,Corners,Low_Risk,706.7,2751.8,12.1,2120.0499999999997,349
2024-12-13,Friday,Union Berlin vs SC Freiburg,Bundesliga,BTTS No,2.58,193.6,8.0,51.7,58.8,WIN,305.89,158.0,2420.01,2725.9,1,2,394.34,100.0,95.8,BTTS,Medium_Risk,808.6,2751.8,0.9,2425.9399999999996,350
2024-12-13,Friday,Union Berlin vs SC Freiburg,Bundesliga,Under 11.5 Corners,1.41,218.07,8.0,24.7,88.7,WIN,88.45,40.6,2725.9,2814.35,2,2,394.34,100.0,95.8,Corners,Low_Risk,838.1,2814.35,0.0,2514.3899999999994,351
2024-12-14,Saturday,RB Leipzig vs Bayer Leverkusen,Bundesliga,Over 11.5 Corners,4.34,225.15,8.0,155.5,58.9,LOSS,-225.15,-100.0,2814.35,2589.2,1,3,-131.46,33.3,-23.6,Corners,Medium_Risk,763.1,2814.35,8.0,2289.2399999999993,352
2024-12-14,Saturday,RB Leipzig vs Bayer Leverkusen,Bundesliga,Over 9.5 Corners,2.05,207.14,8.0,55.2,75.6,WIN,218.25,105.4,2589.2,2807.45,2,3,-131.46,33.3,-23.6,Corners,Medium_Risk,835.8,2814.35,0.2,2507.4899999999993,353
2024-12-14,Saturday,Newcastle vs Brighton,Premier League,Under 9.5 Corners,1.68,124.57,4.4,7.5,64.2,LOSS,-124.57,-100.0,2807.45,2682.88,3,3,-131.46,33.3,-23.6,Corners,High_Risk,794.3,2814.35,4.7,2382.919999999999,354
2024-12-15,Sunday,Aston Villa vs West Ham,Premier League,Under 11.5 Corners,1.39,214.63,8.0,23.3,88.7,WIN,83.61,39.0,2682.88,2766.5,1,3,206.79,66.7,39.0,Corners,Low_Risk,822.2,2814.35,1.7,2466.5299999999993,355
2024-12-15,Sunday,AS Roma vs Lazio,Serie A,Over 9.5 Corners,1.98,221.32,8.0,49.9,75.6,WIN,217.68,98.4,2766.5,2984.18,2,3,206.79,66.7,39.0,Corners,Medium_Risk,894.7,2984.18,0.0,2684.209999999999,356
2024-12-15,Sunday,Team 5 vs Team 6,Ligue 1,Away Under 1.5,1.76,94.5,3.2,6.0,60.3,LOSS,-94.5,-100.0,2984.18,2889.68,3,3,206.79,66.7,39.0,Goals_Total,High_Risk,863.2,2984.18,3.2,2589.709999999999,357
2024-12-16,Monday,Team 1 vs Team 2,Championship,Over 9.5 Corners,1.99,231.17,8.0,46.2,73.5,WIN,228.67,98.9,2889.68,3118.34,1,3,785.53,100.0,114.1,Corners,Medium_Risk,939.4,3118.34,-0.0,2818.379999999999,358
2024-12-16,Monday,Sevilla vs Real Betis,La Liga,BTTS No,2.5,249.47,8.0,65.1,66.1,WIN,374.2,150.0,3118.34,3492.54,2,3,785.53,100.0,114.1,BTTS,Medium_Risk,1064.2,3492.54,-0.0,3192.579999999999,359
2024-12-16,Monday,Team 5 vs Team 6,Championship,BTTS No,1.88,207.57,5.9,13.1,60.1,WIN,182.66,88.0,3492.54,3675.2,3,3,785.53,100.0,114.1,BTTS,Medium_Risk,1125.1,3675.2,-0.0,3375.239999999999,360
2024-12-17,Tuesday,Manchester City vs Arsenal,Premier League,Over 1.5,2.39,294.02,8.0,76.3,73.7,LOSS,-294.02,-100.0,3675.2,3381.19,1,3,-18.87,66.7,-2.7,Goals_Total,Medium_Risk,1027.1,3675.2,8.0,3081.219999999999,361
2024-12-17,Tuesday,Manchester City vs Arsenal,Premier League,Over 9.5 Corners,1.73,270.49,8.0,17.0,67.7,WIN,196.74,72.7,3381.19,3577.93,2,3,-18.87,66.7,-2.7,Corners,Medium_Risk,1092.6,3675.2,2.6,3277.959999999999,362
2024-12-17,Tuesday,RB Leipzig vs Bayer Leverkusen,Bundesliga,Under 3.5,1.54,144.4,4.0,5.5,68.4,WIN,78.41,54.3,3577.93,3656.34,3,3,-18.87,66.7,-2.7,Goals_Total,High_Risk,1118.8,3675.2,0.5,3356.369999999999,363
2024-12-18,Wednesday,Team 1 vs Team 2,Eredivisie,Over 9.5 Corners,1.86,292.51,8.0,35.3,72.9,WIN,250.32,85.6,3656.34,3906.66,1,3,702.97,100.0,88.1,Corners,Medium_Risk,1202.2,3906.66,0.0,3606.689999999999,364
2024-12-18,Wednesday,Team 1 vs Team 2,Eredivisie,Under 11.5 Corners,1.69,182.73,4.7,8.1,63.8,WIN,126.75,69.4,3906.66,4033.41,2,3,702.97,100.0,88.1,Corners,High_Risk,1244.5,4033.41,0.0,3733.439999999999,365
2024-12-18,Wednesday,Villarreal vs Athletic Bilbao,La Liga,BTTS No,2.01,322.67,8.0,54.4,76.8,WIN,325.9,101.0,4033.41,4359.31,3,3,702.97,100.0,88.1,BTTS,Medium_Risk,1353.1,4359.31,0.0,4059.3399999999992,366
2024-12-19,Thursday,Tottenham vs Manchester United,Premier League,Over 1.5,2.3,348.74,8.0,69.8,73.8,LOSS,-348.74,-100.0,4359.31,4010.56,1,3,126.07,66.7,15.5,Goals_Total,Medium_Risk,1236.9,4359.31,8.0,3710.5999999999995,367
2024-12-19,Thursday,Tottenham vs Manchester United,Premier League,Over 9.5 Corners,2.15,320.85,8.0,41.0,65.4,WIN,370.45,115.5,4010.56,4381.01,2,3,126.07,66.7,15.5,Corners,Medium_Risk,1360.3,4381.01,-0.0,4081.0499999999993,368
2024-12-19,Thursday,Atalanta vs Fiorentina,Serie A,Away Under 1.5,1.71,146.01,3.3,6.0,61.8,WIN,104.37,71.5,4381.01,4485.38,3,3,126.07,66.7,15.5,Goals_Total,High_Risk,1395.1,4485.38,0.0,4185.419999999999,369
2024-12-20,Friday,Atletico Madrid vs Valencia,La Liga,Over 9.5 Corners,1.86,358.83,8.0,40.7,75.6,LOSS,-358.83,-100.0,4485.38,4126.55,1,2,-249.89,50.0,-36.3,Corners,Medium_Risk,1275.5,4485.38,8.0,3826.5899999999992,370
2024-12-20,Friday,Atletico Madrid vs Valencia,La Liga,Home/Away,1.33,330.12,8.0,10.4,83.0,WIN,108.94,33.0,4126.55,4235.49,2,2,-249.89,50.0,-36.3,Double_Chance,Low_Risk,1311.8,4485.38,5.6,3935.5299999999993,371
2024-12-21,Saturday,Villarreal vs Athletic Bilbao,La Liga,Over 11.5 Corners,3.78,338.84,8.0,142.2,64.1,LOSS,-338.84,-100.0,4235.49,3896.65,1,2,-650.57,0.0,-100.0,Corners,Medium_Risk,1198.9,4485.38,13.1,3596.689999999999,372
2024-12-21,Saturday,Villarreal vs Athletic Bilbao,La Liga,Over 9.5 Corners,2.17,311.73,8.0,63.7,75.6,LOSS,-311.73,-100.0,3896.65,3584.92,2,2,-650.57,0.0,-100.0,Corners,Medium_Risk,1095.0,4485.38,20.1,3284.959999999999,373
2024-12-22,Sunday,Real Sociedad vs Getafe,La Liga,BTTS No,2.67,286.79,8.0,70.4,63.8,WIN,478.95,167.0,3584.92,4063.86,1,3,600.37,66.7,79.5,BTTS,Medium_Risk,1254.6,4485.38,9.4,3763.909999999999,374
2024-12-22,Sunday,Real Sociedad vs Getafe,La Liga,Over 9.5 Corners,1.82,325.11,8.0,33.5,73.6,WIN,265.01,81.5,4063.86,4328.88,2,3,600.37,66.7,79.5,Corners,Medium_Risk,1343.0,4485.38,3.5,4028.919999999999,375
2024-12-22,Sunday,Real Sociedad vs Getafe,La Liga,Draw/Away,1.78,143.59,3.3,6.5,59.8,LOSS,-143.59,-100.0,4328.88,4185.29,3,3,600.37,66.7,79.5,Double_Chance,High_Risk,1295.1,4485.38,6.7,3885.329999999999,376
2024-12-23,Monday,Crystal Palace vs Fulham,Premier League,Over 9.5 Corners,2.14,334.82,8.0,61.5,75.6,LOSS,-334.82,-100.0,4185.29,3850.46,1,3,-106.83,33.3,-13.3,Corners,Medium_Risk,1183.5,4485.38,14.2,3550.509999999999,377
2024-12-23,Monday,Crystal Palace vs Fulham,Premier League,Home/Draw,2.27,308.04,8.0,36.2,60.0,WIN,391.21,127.0,3850.46,4241.67,2,3,-106.83,33.3,-13.3,Double_Chance,Medium_Risk,1313.9,4485.38,5.4,3941.719999999999,378
2024-12-23,Monday,Tottenham vs Manchester United,Premier League,Home,1.81,163.22,3.8,7.8,59.6,LOSS,-163.22,-100.0,4241.67,4078.45,3,3,-106.83,33.3,-13.3,Match_Result,High_Risk,1259.5,4485.38,9.1,3778.499999999999,379
2024-12-24,Tuesday,Newcastle vs Brighton,Premier League,Under 11.5 Corners,1.45,326.28,8.0,32.4,91.4,WIN,146.64,44.9,4078.45,4225.09,1,2,-191.36,50.0,-28.8,Corners,Low_Risk,1308.4,4485.38,5.8,3925.139999999999,380
2024-12-24,Tuesday,Newcastle vs Brighton,Premier League,Draw/Away,2.14,338.01,8.0,26.6,59.1,LOSS,-338.01,-100.0,4225.09,3887.09,2,2,-191.36,50.0,-28.8,Double_Chance,Medium_Risk,1195.7,4485.38,13.3,3587.129999999999,381
2024-12-25,Wednesday,Real Madrid vs Barcelona,La Liga,BTTS No,2.17,310.97,8.0,43.3,66.1,WIN,363.83,117.0,3887.09,4250.92,1,3,739.44,100.0,88.1,BTTS,Medium_Risk,1317.0,4485.38,5.2,3950.959999999999,382
2024-12-25,Wednesday,Real Madrid vs Barcelona,La Liga,Over 9.5 Corners,1.8,340.07,8.0,42.6,79.1,WIN,272.88,80.2,4250.92,4523.8,2,3,739.44,100.0,88.1,Corners,Medium_Risk,1407.9,4523.8,0.0,4223.839999999999,383
2024-12-25,Wednesday,Crystal Palace vs Fulham,Premier League,Away +1,1.55,188.36,4.2,5.7,68.4,WIN,102.73,54.5,4523.8,4626.53,3,3,739.44,100.0,88.1,Asian_Handicap,High_Risk,1442.2,4626.53,0.0,4326.569999999999,384
2024-12-26,Thursday,Team 1 vs Team 2,Eredivisie,Over 9.5 Corners,2.19,370.12,8.0,33.1,60.7,WIN,441.8,119.4,4626.53,5068.33,1,3,1019.61,100.0,97.1,Corners,Medium_Risk,1589.4,5068.33,0.0,4768.369999999999,385
2024-12-26,Thursday,Team 1 vs Team 2,Eredivisie,BTTS No,1.88,405.47,8.0,20.0,63.8,WIN,356.81,88.0,5068.33,5425.14,2,3,1019.61,100.0,97.1,BTTS,Medium_Risk,1708.4,5425.14,-0.0,5125.179999999999,386
2024-12-26,Thursday,Team 1 vs Team 2,Eredivisie,Over 2.5,1.81,273.97,5.0,10.2,61.0,WIN,221.0,80.7,5425.14,5646.14,3,3,1019.61,100.0,97.1,Goals_Total,Medium_Risk,1782.0,5646.14,0.0,5346.179999999999,387
2024-12-27,Friday,Eintracht Frankfurt vs VfB Stuttgart,Bundesliga,Over 1.5,1.87,451.69,8.0,34.3,71.8,LOSS,-451.69,-100.0,5646.14,5194.45,1,2,-64.21,50.0,-7.4,Goals_Total,Medium_Risk,1631.5,5646.14,8.0,4894.49,388
2024-12-27,Friday,Eintracht Frankfurt vs VfB Stuttgart,Bundesliga,Over 9.5 Corners,1.93,415.56,8.0,30.5,67.5,WIN,387.48,93.2,5194.45,5581.93,2,2,-64.21,50.0,-7.4,Corners,Medium_Risk,1760.6,5646.14,1.1,5281.969999999999,389
2024-12-28,Saturday,Team 1 vs Team 2,Liga MX,Over 1.5,2.18,446.55,8.0,60.3,73.7,WIN,524.99,117.6,5581.93,6106.92,1,2,36.44,50.0,3.9,Goals_Total,Medium_Risk,1935.6,6106.92,-0.0,5806.959999999999,390
2024-12-28,Saturday,Team 1 vs Team 2,Liga MX,BTTS No,2.25,488.55,8.0,42.6,63.4,LOSS,-488.55,-100.0,6106.92,5618.37,2,2,36.44,50.0,3.9,BTTS,Medium_Risk,1772.8,6106.92,8.0,5318.409999999999,391
2024-12-29,Sunday,Real Madrid vs Barcelona,La Liga,Over 1.5,2.0,449.47,8.0,46.5,73.2,WIN,450.27,100.2,5618.37,6068.64,1,2,-35.22,50.0,-3.8,Goals_Total,Medium_Risk,1922.9,6106.92,0.6,5768.6799999999985,392
2024-12-29,Sunday,Real Madrid vs Barcelona,La Liga,Over 9.5 Corners,1.91,485.49,8.0,44.4,75.6,LOSS,-485.49,-100.0,6068.64,5583.15,2,2,-35.22,50.0,-3.8,Corners,Medium_Risk,1761.0,6106.92,8.6,5283.189999999999,393
2024-12-30,Monday,Team 1 vs Team 2,Ligue 1,Over 1.5,2.08,446.65,8.0,53.6,73.7,WIN,484.38,108.4,5583.15,6067.53,1,2,-1.02,50.0,-0.1,Goals_Total,Medium_Risk,1922.5,6106.92,0.6,5767.569999999999,394
2024-12-30,Monday,Team 1 vs Team 2,Ligue 1,Over 9.5 Corners,1.98,485.4,8.0,48.5,74.9,LOSS,-485.4,-100.0,6067.53,5582.12,2,2,-1.02,50.0,-0.1,Corners,Medium_Risk,1760.7,6106.92,8.6,5282.169999999999,395
2024-12-31,Tuesday,Villarreal vs Athletic Bilbao,La Liga,Over 9.5 Corners,1.95,446.57,8.0,45.2,74.4,LOSS,-446.57,-100.0,5582.12,5135.55,1,3,135.59,66.7,12.5,Corners,Medium_Risk,1611.9,6106.92,15.9,4835.599999999999,396
2024-12-31,Tuesday,Villarreal vs Athletic Bilbao,La Liga,Draw/Away,2.06,410.84,8.0,32.1,64.1,WIN,435.49,106.0,5135.55,5571.05,2,3,135.59,66.7,12.5,Double_Chance,Medium_Risk,1757.0,6106.92,8.8,5271.089999999999,397
2024-12-31,Tuesday,Eintracht Frankfurt vs VfB Stuttgart,Bundesliga,Home Under 1.5,1.64,230.24,4.1,6.6,65.1,WIN,146.66,63.7,5571.05,5717.71,3,3,135.59,66.7,12.5,Goals_Total,High_Risk,1805.9,6106.92,6.4,5417.749999999999,398
2025-01-01,Wednesday,Juventus vs AC Milan,Serie A,Home/Draw,1.98,457.42,8.0,30.9,66.1,WIN,448.27,98.0,5717.71,6165.98,1,2,-45.01,50.0,-4.7,Double_Chance,Medium_Risk,1955.3,6165.98,-0.0,5866.019999999999,399
2025-01-01,Wednesday,Tottenham vs Manchester United,Premier League,Over 9.5 Corners,2.55,493.28,8.0,54.4,60.7,LOSS,-493.28,-100.0,6165.98,5672.7,2,2,-45.01,50.0,-4.7,Corners,Medium_Risk,1790.9,6165.98,8.0,5372.739999999999,400
