date,day_of_week,home_team,away_team,league,bet_type,bet_description,odds,stake,edge_percent,confidence_percent,result,profit_loss,bet_roi_percent,bankroll_before,bankroll_after,total_return_percent,market_category,risk_level,match_display,full_description,cumulative_profit,bet_number
2024-08-01,Thursday,Team 1,Team 2,Championship,Over 1.5,Over 1.5 Goals in Match,1.98,24.0,42.3,71.8,WIN,23.59,98.3,300.0,323.59,7.9,Total Goals,Medium Risk,Team 1 vs Team 2,Over 1.5 Goals in Match @ 1.98,23.59,1
2024-08-01,Thursday,Team 1,Team 2,Championship,BTTS No,Both Teams to Score - No,2.2,25.89,39.4,63.4,LOSS,-25.89,-100.0,323.59,297.7,-0.8,Both Teams to Score,Medium Risk,Team 1 vs Team 2,Both Teams to Score - No @ 2.20,-2.3000000000000007,2
2024-08-02,Friday,Team 1,Team 2,MLS,BTTS No,Both Teams to Score - No,2.49,23.82,46.4,58.8,WIN,35.49,149.0,297.7,333.18,11.1,Both Teams to Score,Medium Risk,Team 1 vs Team 2,Both Teams to Score - No @ 2.49,33.19,3
2024-08-02,Friday,Team 1,Team 2,MLS,Over 9.5 Corners,Over 9.5 Total Corners,1.84,26.65,38.9,75.6,LOSS,-26.65,-100.0,333.18,306.53,2.2,Corners,Medium Risk,Team 1 vs Team 2,Over 9.5 Total Corners @ 1.84,6.539999999999999,4
2024-08-03,Saturday,Liverpool,Chelsea,Premier League,Over 1.5,Over 1.5 Goals in Match,2.31,24.52,64.6,71.2,WIN,32.13,131.0,306.53,338.66,12.9,Total Goals,Medium Risk,Liverpool vs Chelsea,Over 1.5 Goals in Match @ 2.31,38.67,5
2024-08-03,Saturday,Liverpool,Chelsea,Premier League,BTTS No,Both Teams to Score - No,2.01,27.09,60.9,80.0,LOSS,-27.09,-100.0,338.66,311.57,3.9,Both Teams to Score,Medium Risk,Liverpool vs Chelsea,Both Teams to Score - No @ 2.01,11.580000000000002,6
2024-08-03,Saturday,Team 5,Team 6,Championship,Over 2.5,Over 2.5 Goals in Match,1.81,9.91,6.4,58.9,WIN,7.99,80.6,311.57,319.56,6.5,Total Goals,Medium Risk,Team 5 vs Team 6,Over 2.5 Goals in Match @ 1.81,19.57,7
2024-08-04,Sunday,Bayern Munich,Borussia Dortmund,Bundesliga,Over 9.5 Corners,Over 9.5 Total Corners,2.15,25.56,62.8,75.6,WIN,29.52,115.5,319.56,349.07,16.4,Corners,Medium Risk,Bayern Munich vs Borussia Dortmund,Over 9.5 Total Corners @ 2.15,49.09,8
2024-08-04,Sunday,Bayern Munich,Borussia Dortmund,Bundesliga,Home/Away,Home Win or Away Win (No Draw),1.3,27.93,6.6,82.0,WIN,8.38,30.0,349.07,357.45,19.1,Double Chance,Low Risk,Bayern Munich vs Borussia Dortmund,Home Win or Away Win (No Draw) @ 1.30,57.470000000000006,9
2024-08-04,Sunday,Everton,Nottingham Forest,Premier League,Home Under 1.5,Home Team Under 1.5 Goals,1.61,16.46,7.0,66.6,LOSS,-16.46,-100.0,357.45,340.99,13.7,Team Goals,Medium Risk,Everton vs Nottingham Forest,Home Team Under 1.5 Goals @ 1.61,41.010000000000005,10
2024-08-05,Monday,Team 1,Team 2,Ligue 1,Over 9.5 Corners,Over 9.5 Total Corners,2.0,27.28,50.1,75.0,WIN,27.35,100.2,340.99,368.34,22.8,Corners,Medium Risk,Team 1 vs Team 2,Over 9.5 Total Corners @ 2.00,68.36000000000001,11
2024-08-05,Monday,Team 1,Team 2,Ligue 1,Home Under 1.5,Home Team Under 1.5 Goals,1.75,29.47,17.5,67.0,LOSS,-29.47,-100.0,368.34,338.87,13.0,Team Goals,Medium Risk,Team 1 vs Team 2,Home Team Under 1.5 Goals @ 1.75,38.890000000000015,12
2024-08-06,Tuesday,Bayern Munich,Borussia Dortmund,Bundesliga,Over 9.5 Corners,Over 9.5 Total Corners,2.06,27.11,52.6,74.1,LOSS,-27.11,-100.0,338.87,311.76,3.9,Corners,Medium Risk,Bayern Munich vs Borussia Dortmund,Over 9.5 Total Corners @ 2.06,11.780000000000015,13
2024-08-06,Tuesday,Bayern Munich,Borussia Dortmund,Bundesliga,Over 1.5,Over 1.5 Goals in Match,2.11,24.94,51.6,71.8,WIN,27.77,111.3,311.76,339.53,13.2,Total Goals,Medium Risk,Bayern Munich vs Borussia Dortmund,Over 1.5 Goals in Match @ 2.11,39.55000000000001,14
2024-08-07,Wednesday,Team 1,Team 2,MLS,Over 9.5 Corners,Over 9.5 Total Corners,2.04,27.16,66.1,81.6,WIN,28.14,103.6,339.53,367.66,22.6,Corners,Medium Risk,Team 1 vs Team 2,Over 9.5 Total Corners @ 2.04,67.69000000000001,15
2024-08-07,Wednesday,Team 1,Team 2,MLS,Home Under 1.5,Home Team Under 1.5 Goals,1.62,21.45,9.1,67.2,WIN,13.36,62.3,367.66,381.03,27.0,Team Goals,Medium Risk,Team 1 vs Team 2,Home Team Under 1.5 Goals @ 1.62,81.05000000000001,16
2024-08-07,Wednesday,Newcastle,Brighton,Premier League,Over 9.5 Corners,Over 9.5 Total Corners,1.75,19.74,9.7,62.7,LOSS,-19.74,-100.0,381.03,361.29,20.4,Corners,Medium Risk,Newcastle vs Brighton,Over 9.5 Total Corners @ 1.75,61.31000000000002,17
2024-08-08,Thursday,Bologna,Torino,Serie A,Over 1.5,Over 1.5 Goals in Match,1.88,28.9,38.8,73.8,LOSS,-28.9,-100.0,361.29,332.38,10.8,Total Goals,Medium Risk,Bologna vs Torino,Over 1.5 Goals in Match @ 1.88,32.41000000000002,18
2024-08-08,Thursday,Bologna,Torino,Serie A,BTTS No,Both Teams to Score - No,1.92,26.59,33.0,69.3,LOSS,-26.59,-100.0,332.38,305.79,1.9,Both Teams to Score,Medium Risk,Bologna vs Torino,Both Teams to Score - No @ 1.92,5.820000000000018,19
2024-08-09,Friday,Sassuolo,Udinese,Serie A,BTTS No,Both Teams to Score - No,2.33,24.46,72.7,74.1,LOSS,-24.46,-100.0,305.79,281.33,-6.2,Both Teams to Score,Medium Risk,Sassuolo vs Udinese,Both Teams to Score - No @ 2.33,-18.639999999999983,20
2024-08-09,Friday,Sassuolo,Udinese,Serie A,Over 1.5,Over 1.5 Goals in Match,2.06,22.51,47.6,71.8,WIN,23.79,105.7,281.33,305.12,1.7,Total Goals,Medium Risk,Sassuolo vs Udinese,Over 1.5 Goals in Match @ 2.06,5.150000000000016,21
2024-08-10,Saturday,Sevilla,Real Betis,La Liga,Under 11.5 Corners,Under 11.5 Total Corners,1.48,24.41,25.2,84.7,WIN,11.65,47.7,305.12,316.77,5.6,Corners,Low Risk,Sevilla vs Real Betis,Under 11.5 Total Corners @ 1.48,16.80000000000002,22
2024-08-10,Saturday,Sevilla,Real Betis,La Liga,Under 9.5 Corners,Under 9.5 Total Corners,1.6,23.09,10.9,69.4,LOSS,-23.09,-100.0,316.77,293.69,-2.1,Corners,Medium Risk,Sevilla vs Real Betis,Under 9.5 Total Corners @ 1.60,-6.289999999999981,23
2024-08-10,Saturday,Team 9,Team 10,Eredivisie,Under 3.5,Under 3.5 Goals in Match,1.57,11.19,5.5,67.0,LOSS,-11.19,-100.0,293.69,282.5,-5.8,Total Goals,Medium Risk,Team 9 vs Team 10,Under 3.5 Goals in Match @ 1.57,-17.479999999999983,24
2024-08-11,Sunday,Team 1,Team 2,Ligue 1,Over 1.5,Over 1.5 Goals in Match,2.34,22.6,71.4,73.2,LOSS,-22.6,-100.0,282.5,259.9,-13.4,Total Goals,Medium Risk,Team 1 vs Team 2,Over 1.5 Goals in Match @ 2.34,-40.079999999999984,25
2024-08-11,Sunday,Team 1,Team 2,Ligue 1,Draw/Away,Draw or Away Win,2.3,20.79,55.6,67.7,LOSS,-20.79,-100.0,259.9,239.11,-20.3,Double Chance,Medium Risk,Team 1 vs Team 2,Draw or Away Win @ 2.30,-60.86999999999998,26
2024-08-12,Monday,AS Roma,Lazio,Serie A,Over 9.5 Corners,Over 9.5 Total Corners,1.75,19.13,34.1,76.6,LOSS,-19.13,-100.0,239.11,219.98,-26.7,Corners,Medium Risk,AS Roma vs Lazio,Over 9.5 Total Corners @ 1.75,-79.99999999999999,27
2024-08-12,Monday,AS Roma,Lazio,Serie A,Over 2.5,Over 2.5 Goals in Match,1.68,17.6,15.5,68.7,WIN,11.97,68.0,219.98,231.95,-22.7,Total Goals,Medium Risk,AS Roma vs Lazio,Over 2.5 Goals in Match @ 1.68,-68.02999999999999,28
2024-08-13,Tuesday,Crystal Palace,Fulham,Premier League,Over 9.5 Corners,Over 9.5 Total Corners,2.04,18.56,51.4,74.3,WIN,19.23,103.6,231.95,251.18,-16.3,Corners,Medium Risk,Crystal Palace vs Fulham,Over 9.5 Total Corners @ 2.04,-48.79999999999998,29
2024-08-13,Tuesday,Crystal Palace,Fulham,Premier League,Home/Away,Home Win or Away Win (No Draw),1.37,20.09,9.4,79.9,WIN,7.43,37.0,251.18,258.61,-13.8,Double Chance,Low Risk,Crystal Palace vs Fulham,Home Win or Away Win (No Draw) @ 1.37,-41.36999999999998,30
2024-08-13,Tuesday,Team 5,Team 6,Liga MX,Over 2.5,Over 2.5 Goals in Match,1.82,11.5,9.1,60.1,WIN,9.37,81.5,258.61,267.99,-10.7,Total Goals,Medium Risk,Team 5 vs Team 6,Over 2.5 Goals in Match @ 1.82,-31.999999999999986,31
2024-08-14,Wednesday,Sevilla,Real Betis,La Liga,Over 1.5,Over 1.5 Goals in Match,2.13,21.44,57.5,73.8,LOSS,-21.44,-100.0,267.99,246.55,-17.8,Total Goals,Medium Risk,Sevilla vs Real Betis,Over 1.5 Goals in Match @ 2.13,-53.43999999999998,32
2024-08-14,Wednesday,Sevilla,Real Betis,La Liga,Over 9.5 Corners,Over 9.5 Total Corners,2.09,19.72,55.0,74.1,LOSS,-19.72,-100.0,246.55,226.83,-24.4,Corners,Medium Risk,Sevilla vs Real Betis,Over 9.5 Total Corners @ 2.09,-73.15999999999998,33
2024-08-15,Thursday,Brentford,Wolves,Premier League,Over 9.5 Corners,Over 9.5 Total Corners,2.03,18.15,51.7,74.9,WIN,18.6,102.5,226.83,245.43,-18.2,Corners,Medium Risk,Brentford vs Wolves,Over 9.5 Total Corners @ 2.03,-54.55999999999998,34
2024-08-15,Thursday,Brentford,Wolves,Premier League,Home Under 1.5,Home Team Under 1.5 Goals,1.77,16.94,13.3,64.0,WIN,13.03,76.9,245.43,258.46,-13.8,Team Goals,Medium Risk,Brentford vs Wolves,Home Team Under 1.5 Goals @ 1.77,-41.52999999999998,35
2024-08-15,Thursday,Team 3,Team 4,Ligue 1,Home Under 1.5,Home Team Under 1.5 Goals,1.64,15.9,9.8,67.0,LOSS,-15.9,-100.0,258.46,242.56,-19.1,Team Goals,Medium Risk,Team 3 vs Team 4,Home Team Under 1.5 Goals @ 1.64,-57.42999999999998,36
2024-08-16,Friday,Aston Villa,West Ham,Premier League,Over 9.5 Corners,Over 9.5 Total Corners,2.2,19.4,56.8,71.3,LOSS,-19.4,-100.0,242.56,223.15,-25.6,Corners,Medium Risk,Aston Villa vs West Ham,Over 9.5 Total Corners @ 2.20,-76.82999999999998,37
2024-08-16,Friday,Aston Villa,West Ham,Premier League,Over 2.5,Over 2.5 Goals in Match,1.83,17.85,23.3,67.5,LOSS,-17.85,-100.0,223.15,205.3,-31.6,Total Goals,Medium Risk,Aston Villa vs West Ham,Over 2.5 Goals in Match @ 1.83,-94.67999999999998,38
2024-08-17,Saturday,Team 1,Team 2,Championship,Over 9.5 Corners,Over 9.5 Total Corners,2.18,16.42,61.8,74.4,LOSS,-16.42,-100.0,205.3,188.88,-37.0,Corners,Medium Risk,Team 1 vs Team 2,Over 9.5 Total Corners @ 2.18,-111.09999999999998,39
2024-08-17,Saturday,Everton,Nottingham Forest,Premier League,Over 1.5,Over 1.5 Goals in Match,2.23,15.11,64.6,73.7,LOSS,-15.11,-100.0,188.88,173.77,-42.1,Total Goals,Medium Risk,Everton vs Nottingham Forest,Over 1.5 Goals in Match @ 2.23,-126.20999999999998,40
2024-08-18,Sunday,Team 1,Team 2,Liga MX,BTTS No,Both Teams to Score - No,2.28,13.9,44.5,63.4,WIN,17.79,128.0,173.77,191.56,-36.1,Both Teams to Score,Medium Risk,Team 1 vs Team 2,Both Teams to Score - No @ 2.28,-108.41999999999999,41
2024-08-18,Sunday,Team 1,Team 2,Liga MX,Away Under 1.5,Away Team Under 1.5 Goals,1.6,15.32,24.5,77.9,WIN,9.16,59.8,191.56,200.72,-33.1,Team Goals,Medium Risk,Team 1 vs Team 2,Away Team Under 1.5 Goals @ 1.60,-99.25999999999999,42
2024-08-19,Monday,Team 1,Team 2,MLS,Over 9.5 Corners,Over 9.5 Total Corners,1.84,16.06,25.7,68.1,LOSS,-16.06,-100.0,200.72,184.67,-38.4,Corners,Medium Risk,Team 1 vs Team 2,Over 9.5 Total Corners @ 1.84,-115.32,43
2024-08-19,Monday,Team 1,Team 2,MLS,Away Under 1.5,Away Team Under 1.5 Goals,1.72,6.66,6.5,61.8,WIN,4.82,72.4,184.67,189.48,-36.8,Team Goals,Medium Risk,Team 1 vs Team 2,Away Team Under 1.5 Goals @ 1.72,-110.5,44
2024-08-19,Monday,Atalanta,Fiorentina,Serie A,Over 9.5 Corners,Over 9.5 Total Corners,1.91,15.16,29.5,67.7,WIN,13.82,91.2,189.48,203.31,-32.2,Corners,Medium Risk,Atalanta vs Fiorentina,Over 9.5 Total Corners @ 1.91,-96.68,45
2024-08-20,Tuesday,Newcastle,Brighton,Premier League,Over 9.5 Corners,Over 9.5 Total Corners,2.11,16.26,47.9,70.0,LOSS,-16.26,-100.0,203.31,187.04,-37.7,Corners,Medium Risk,Newcastle vs Brighton,Over 9.5 Total Corners @ 2.11,-112.94000000000001,46
2024-08-20,Tuesday,Newcastle,Brighton,Premier League,BTTS No,Both Teams to Score - No,1.9,11.87,14.3,60.1,WIN,10.68,90.0,187.04,197.72,-34.1,Both Teams to Score,Medium Risk,Newcastle vs Brighton,Both Teams to Score - No @ 1.90,-102.26000000000002,47
2024-08-20,Tuesday,RB Leipzig,Bayer Leverkusen,Bundesliga,Over 2.5,Over 2.5 Goals in Match,1.73,7.32,6.7,61.7,LOSS,-7.32,-100.0,197.72,190.4,-36.5,Total Goals,Medium Risk,RB Leipzig vs Bayer Leverkusen,Over 2.5 Goals in Match @ 1.73,-109.58000000000001,48
2024-08-21,Wednesday,Team 1,Team 2,MLS,Over 1.5,Over 1.5 Goals in Match,2.17,15.23,60.3,73.8,WIN,17.85,117.2,190.4,208.26,-30.6,Total Goals,Medium Risk,Team 1 vs Team 2,Over 1.5 Goals in Match @ 2.17,-91.73000000000002,49
2024-08-21,Wednesday,Team 1,Team 2,MLS,Under 11.5 Corners,Under 11.5 Total Corners,1.49,16.66,21.3,81.2,LOSS,-16.66,-100.0,208.26,191.6,-36.1,Corners,Low Risk,Team 1 vs Team 2,Under 11.5 Total Corners @ 1.49,-108.39000000000001,50
2024-08-21,Wednesday,Team 9,Team 10,Championship,Away Under 1.5,Away Team Under 1.5 Goals,1.79,5.39,5.6,58.9,LOSS,-5.39,-100.0,191.6,186.21,-37.9,Team Goals,Medium Risk,Team 9 vs Team 10,Away Team Under 1.5 Goals @ 1.79,-113.78000000000002,51
2024-08-22,Thursday,Borussia Monchengladbach,Wolfsburg,Bundesliga,Over 1.5,Over 1.5 Goals in Match,2.18,14.9,56.4,71.8,WIN,17.58,118.0,186.21,203.79,-32.1,Total Goals,Medium Risk,Borussia Monchengladbach vs Wolfsburg,Over 1.5 Goals in Match @ 2.18,-96.20000000000002,52
2024-08-22,Thursday,Borussia Monchengladbach,Wolfsburg,Bundesliga,Over 9.5 Corners,Over 9.5 Total Corners,2.1,16.3,52.5,72.8,WIN,17.86,109.6,203.79,221.65,-26.1,Corners,Medium Risk,Borussia Monchengladbach vs Wolfsburg,Over 9.5 Total Corners @ 2.10,-78.34000000000002,53
2024-08-22,Thursday,Team 3,Team 4,Ligue 1,Home Under 1.5,Home Team Under 1.5 Goals,1.6,9.35,6.3,66.6,LOSS,-9.35,-100.0,221.65,212.3,-29.2,Team Goals,Medium Risk,Team 3 vs Team 4,Home Team Under 1.5 Goals @ 1.60,-87.69000000000001,54
2024-08-23,Friday,Tottenham,Manchester United,Premier League,Under 11.5 Corners,Under 11.5 Total Corners,1.45,16.98,17.0,80.6,LOSS,-16.98,-100.0,212.3,195.32,-34.9,Corners,Low Risk,Tottenham vs Manchester United,Under 11.5 Total Corners @ 1.45,-104.67000000000002,55
2024-08-23,Friday,Tottenham,Manchester United,Premier League,Under 3.5,Under 3.5 Goals in Match,1.56,9.44,6.8,68.4,LOSS,-9.44,-100.0,195.32,185.88,-38.0,Total Goals,Medium Risk,Tottenham vs Manchester United,Under 3.5 Goals in Match @ 1.56,-114.11000000000001,56
2024-08-23,Friday,Bayern Munich,Borussia Dortmund,Bundesliga,Under 9.5 Corners,Under 9.5 Total Corners,1.65,8.39,7.4,64.9,WIN,5.48,65.4,185.88,191.36,-36.2,Corners,Medium Risk,Bayern Munich vs Borussia Dortmund,Under 9.5 Total Corners @ 1.65,-108.63000000000001,57
2024-08-24,Saturday,Team 1,Team 2,MLS,Over 1.5,Over 1.5 Goals in Match,2.04,15.31,58.4,77.5,WIN,15.99,104.5,191.36,207.35,-30.9,Total Goals,Medium Risk,Team 1 vs Team 2,Over 1.5 Goals in Match @ 2.04,-92.64000000000001,58
2024-08-24,Saturday,Team 1,Team 2,MLS,Away Under 1.5,Away Team Under 1.5 Goals,1.75,14.33,13.0,64.4,LOSS,-14.33,-100.0,207.35,193.02,-35.7,Team Goals,Medium Risk,Team 1 vs Team 2,Away Team Under 1.5 Goals @ 1.75,-106.97000000000001,59
2024-08-24,Saturday,Atalanta,Fiorentina,Serie A,Over 2.5,Over 2.5 Goals in Match,1.74,8.21,7.9,61.9,WIN,6.09,74.2,193.02,199.11,-33.6,Total Goals,Medium Risk,Atalanta vs Fiorentina,Over 2.5 Goals in Match @ 1.74,-100.88000000000001,60
2024-08-25,Sunday,Bologna,Torino,Serie A,Over 11.5 Corners,Over 11.5 Total Corners,3.33,15.93,96.1,58.9,LOSS,-15.93,-100.0,199.11,183.18,-38.9,Corners,High Risk,Bologna vs Torino,Over 11.5 Total Corners @ 3.33,-116.81,61
2024-08-25,Sunday,Bologna,Torino,Serie A,Over 1.5,Over 1.5 Goals in Match,2.27,14.65,67.5,73.7,WIN,18.66,127.3,183.18,201.85,-32.7,Total Goals,Medium Risk,Bologna vs Torino,Over 1.5 Goals in Match @ 2.27,-98.15,62
2024-08-25,Sunday,Team 9,Team 10,MLS,Over 2.5,Over 2.5 Goals in Match,1.83,6.9,7.1,58.6,LOSS,-6.9,-100.0,201.85,194.95,-35.0,Total Goals,Medium Risk,Team 9 vs Team 10,Over 2.5 Goals in Match @ 1.83,-105.05000000000001,63
2024-08-26,Monday,Team 1,Team 2,Liga MX,Draw/Away,Draw or Away Win,2.07,15.6,41.2,68.2,WIN,16.69,107.0,194.95,211.64,-29.5,Double Chance,Medium Risk,Team 1 vs Team 2,Draw or Away Win @ 2.07,-88.36000000000001,64
2024-08-26,Monday,Team 1,Team 2,Liga MX,Home Under 1.5,Home Team Under 1.5 Goals,1.62,16.93,26.4,77.9,LOSS,-16.93,-100.0,211.64,194.71,-35.1,Team Goals,Medium Risk,Team 1 vs Team 2,Home Team Under 1.5 Goals @ 1.62,-105.29000000000002,65
2024-08-27,Tuesday,Team 1,Team 2,MLS,Over 9.5 Corners,Over 9.5 Total Corners,2.06,15.58,62.8,79.1,WIN,16.48,105.8,194.71,211.19,-29.6,Corners,Medium Risk,Team 1 vs Team 2,Over 9.5 Total Corners @ 2.06,-88.81000000000002,66
2024-08-27,Tuesday,Team 1,Team 2,MLS,Away +1,Away Team +1 Goal Handicap,1.55,12.19,7.9,69.8,WIN,6.66,54.6,211.19,217.85,-27.4,Asian Handicap,Medium Risk,Team 1 vs Team 2,Away Team +1 Goal Handicap @ 1.55,-82.15000000000002,67
2024-08-27,Tuesday,Team 1,Team 2,MLS,Over 2.5,Over 2.5 Goals in Match,1.76,7.7,6.7,60.7,WIN,5.84,75.9,217.85,223.69,-25.4,Total Goals,Medium Risk,Team 1 vs Team 2,Over 2.5 Goals in Match @ 1.76,-76.31000000000002,68
2024-08-28,Wednesday,Team 1,Team 2,Ligue 1,Over 1.5,Over 1.5 Goals in Match,1.93,17.89,43.2,74.4,WIN,16.56,92.5,223.69,240.25,-19.9,Total Goals,Medium Risk,Team 1 vs Team 2,Over 1.5 Goals in Match @ 1.93,-59.750000000000014,69
2024-08-28,Wednesday,Team 1,Team 2,Ligue 1,BTTS No,Both Teams to Score - No,2.19,19.22,38.8,63.4,WIN,22.87,119.0,240.25,263.12,-12.3,Both Teams to Score,Medium Risk,Team 1 vs Team 2,Both Teams to Score - No @ 2.19,-36.88000000000001,70
2024-08-28,Wednesday,Team 1,Team 2,Ligue 1,Away Under 1.5,Away Team Under 1.5 Goals,1.7,11.87,7.9,63.3,WIN,8.36,70.4,263.12,271.48,-9.5,Team Goals,Medium Risk,Team 1 vs Team 2,Away Team Under 1.5 Goals @ 1.70,-28.52000000000001,71
2024-08-29,Thursday,Real Madrid,Barcelona,La Liga,Over 9.5 Corners,Over 9.5 Total Corners,2.16,21.72,59.0,73.5,WIN,25.29,116.4,271.48,296.76,-1.1,Corners,Medium Risk,Real Madrid vs Barcelona,Over 9.5 Total Corners @ 2.16,-3.230000000000011,72
2024-08-29,Thursday,Newcastle,Brighton,Premier League,Over 1.5,Over 1.5 Goals in Match,2.18,23.74,56.3,71.8,WIN,27.98,117.9,296.76,324.74,8.2,Total Goals,Medium Risk,Newcastle vs Brighton,Over 1.5 Goals in Match @ 2.18,24.74999999999999,73
2024-08-29,Thursday,Newcastle,Brighton,Premier League,Home Under 1.5,Home Team Under 1.5 Goals,1.55,18.59,7.9,69.6,WIN,10.2,54.9,324.74,334.94,11.6,Team Goals,Medium Risk,Newcastle vs Brighton,Home Team Under 1.5 Goals @ 1.55,34.94999999999999,74
2024-08-30,Friday,Borussia Monchengladbach,Wolfsburg,Bundesliga,Over 11.5 Corners,Over 11.5 Total Corners,2.8,26.8,84.7,66.0,WIN,48.12,179.6,334.94,383.07,27.7,Corners,High Risk,Borussia Monchengladbach vs Wolfsburg,Over 11.5 Total Corners @ 2.80,83.07,75
2024-08-30,Friday,Borussia Monchengladbach,Wolfsburg,Bundesliga,Over 9.5 Corners,Over 9.5 Total Corners,2.16,30.65,62.9,75.6,LOSS,-30.65,-100.0,383.07,352.42,17.5,Corners,Medium Risk,Borussia Monchengladbach vs Wolfsburg,Over 9.5 Total Corners @ 2.16,52.419999999999995,76
2024-08-30,Friday,Bologna,Torino,Serie A,Home Under 1.5,Home Team Under 1.5 Goals,1.74,10.98,5.8,60.6,WIN,8.18,74.5,352.42,360.6,20.2,Team Goals,Medium Risk,Bologna vs Torino,Home Team Under 1.5 Goals @ 1.74,60.599999999999994,77
2024-08-31,Saturday,Bayern Munich,Borussia Dortmund,Bundesliga,Over 2.5,Over 2.5 Goals in Match,1.75,28.85,19.1,68.1,LOSS,-28.85,-100.0,360.6,331.75,10.6,Total Goals,Medium Risk,Bayern Munich vs Borussia Dortmund,Over 2.5 Goals in Match @ 1.75,31.749999999999993,78
2024-08-31,Saturday,Team 3,Team 4,Ligue 1,Home Over 1.5,Home Team Over 1.5 Goals,3.72,26.54,135.8,63.3,LOSS,-26.54,-100.0,331.75,305.21,1.7,Team Goals,High Risk,Team 3 vs Team 4,Home Team Over 1.5 Goals @ 3.72,5.209999999999994,79
2024-09-01,Sunday,Atalanta,Fiorentina,Serie A,Over 11.5 Corners,Over 11.5 Total Corners,3.63,24.42,115.9,59.5,LOSS,-24.42,-100.0,305.21,280.8,-6.4,Corners,High Risk,Atalanta vs Fiorentina,Over 11.5 Total Corners @ 3.63,-19.210000000000008,80
2024-09-01,Sunday,Atalanta,Fiorentina,Serie A,Over 1.5,Over 1.5 Goals in Match,2.35,22.46,81.0,76.9,WIN,30.43,135.5,280.8,311.23,3.7,Total Goals,Medium Risk,Atalanta vs Fiorentina,Over 1.5 Goals in Match @ 2.35,11.219999999999992,81
2024-09-01,Sunday,Team 5,Team 6,Ligue 1,Over 2.5,Over 2.5 Goals in Match,1.79,13.93,8.9,60.7,WIN,11.07,79.5,311.23,322.3,7.4,Total Goals,Medium Risk,Team 5 vs Team 6,Over 2.5 Goals in Match @ 1.79,22.289999999999992,82
2024-09-02,Monday,Team 1,Team 2,Ligue 1,Draw/Away,Draw or Away Win,2.18,25.78,33.8,61.4,LOSS,-25.78,-100.0,322.3,296.51,-1.2,Double Chance,Medium Risk,Team 1 vs Team 2,Draw or Away Win @ 2.18,-3.490000000000009,83
2024-09-02,Monday,Team 1,Team 2,Ligue 1,Over 9.5 Corners,Over 9.5 Total Corners,1.77,23.72,25.4,70.8,LOSS,-23.72,-100.0,296.51,272.79,-9.1,Corners,Medium Risk,Team 1 vs Team 2,Over 9.5 Total Corners @ 1.77,-27.210000000000008,84
2024-09-03,Tuesday,Team 1,Team 2,Ligue 1,BTTS No,Both Teams to Score - No,2.29,21.82,83.3,80.0,WIN,28.15,129.0,272.79,300.94,0.3,Both Teams to Score,Medium Risk,Team 1 vs Team 2,Both Teams to Score - No @ 2.29,0.9399999999999906,85
2024-09-03,Tuesday,Team 1,Team 2,Ligue 1,Over 1.5,Over 1.5 Goals in Match,2.3,24.08,71.1,74.4,WIN,31.32,130.1,300.94,332.27,10.8,Total Goals,Medium Risk,Team 1 vs Team 2,Over 1.5 Goals in Match @ 2.30,32.25999999999999,86
2024-09-04,Wednesday,AS Roma,Lazio,Serie A,BTTS No,Both Teams to Score - No,2.38,26.58,64.9,69.3,LOSS,-26.58,-100.0,332.27,305.69,1.9,Both Teams to Score,Medium Risk,AS Roma vs Lazio,Both Teams to Score - No @ 2.38,5.679999999999993,87
2024-09-04,Wednesday,AS Roma,Lazio,Serie A,Over 9.5 Corners,Over 9.5 Total Corners,1.78,24.45,34.7,75.6,WIN,19.15,78.3,305.69,324.84,8.3,Corners,Medium Risk,AS Roma vs Lazio,Over 9.5 Total Corners @ 1.78,24.82999999999999,88
2024-09-05,Thursday,Team 1,Team 2,MLS,Over 9.5 Corners,Over 9.5 Total Corners,2.19,25.99,63.0,74.3,WIN,31.01,119.3,324.84,355.85,18.6,Corners,Medium Risk,Team 1 vs Team 2,Over 9.5 Total Corners @ 2.19,55.83999999999999,89
2024-09-05,Thursday,Team 1,Team 2,MLS,Home/Away,Home Win or Away Win (No Draw),1.39,28.47,11.0,79.9,WIN,11.1,39.0,355.85,366.95,22.3,Double Chance,Low Risk,Team 1 vs Team 2,Home Win or Away Win (No Draw) @ 1.39,66.93999999999998,90
2024-09-05,Thursday,Team 1,Team 2,MLS,Over 2.5,Over 2.5 Goals in Match,1.87,17.85,10.6,59.1,LOSS,-17.85,-100.0,366.95,349.1,16.4,Total Goals,Medium Risk,Team 1 vs Team 2,Over 2.5 Goals in Match @ 1.87,49.08999999999998,91
2024-09-06,Friday,Bayern Munich,Borussia Dortmund,Bundesliga,Over 9.5 Corners,Over 9.5 Total Corners,1.73,27.93,38.6,80.2,LOSS,-27.93,-100.0,349.1,321.17,7.1,Corners,Medium Risk,Bayern Munich vs Borussia Dortmund,Over 9.5 Total Corners @ 1.73,21.159999999999982,92
2024-09-06,Friday,Team 3,Team 4,Ligue 1,Over 9.5 Corners,Over 9.5 Total Corners,2.08,25.69,57.3,75.6,WIN,27.8,108.2,321.17,348.97,16.3,Corners,Medium Risk,Team 3 vs Team 4,Over 9.5 Total Corners @ 2.08,48.95999999999998,93
2024-09-07,Saturday,Sevilla,Real Betis,La Liga,BTTS No,Both Teams to Score - No,2.0,27.92,26.7,63.4,LOSS,-27.92,-100.0,348.97,321.05,7.0,Both Teams to Score,Medium Risk,Sevilla vs Real Betis,Both Teams to Score - No @ 2.00,21.039999999999978,94
2024-09-07,Saturday,Sevilla,Real Betis,La Liga,Draw/Away,Draw or Away Win,1.88,17.38,11.9,59.5,WIN,15.3,88.0,321.05,336.35,12.1,Double Chance,Medium Risk,Sevilla vs Real Betis,Draw or Away Win @ 1.88,36.339999999999975,95
2024-09-07,Saturday,Brentford,Wolves,Premier League,Draw/Away,Draw or Away Win,1.78,14.62,8.5,60.9,LOSS,-14.62,-100.0,336.35,321.72,7.2,Double Chance,Medium Risk,Brentford vs Wolves,Draw or Away Win @ 1.78,21.719999999999978,96
2024-09-08,Sunday,AS Roma,Lazio,Serie A,BTTS No,Both Teams to Score - No,2.31,25.74,38.9,60.1,LOSS,-25.74,-100.0,321.72,295.99,-1.3,Both Teams to Score,Medium Risk,AS Roma vs Lazio,Both Teams to Score - No @ 2.31,-4.020000000000021,97
2024-09-08,Sunday,AS Roma,Lazio,Serie A,Over 9.5 Corners,Over 9.5 Total Corners,1.84,23.68,32.7,72.2,WIN,19.85,83.8,295.99,315.84,5.3,Corners,Medium Risk,AS Roma vs Lazio,Over 9.5 Total Corners @ 1.84,15.82999999999998,98
2024-09-08,Sunday,Juventus,AC Milan,Serie A,BTTS No,Both Teams to Score - No,1.83,11.61,7.6,58.8,WIN,9.64,83.0,315.84,325.48,8.5,Both Teams to Score,Medium Risk,Juventus vs AC Milan,Both Teams to Score - No @ 1.83,25.46999999999998,99
2024-09-09,Monday,RB Leipzig,Bayer Leverkusen,Bundesliga,Over 1.5,Over 1.5 Goals in Match,2.15,26.04,60.0,74.4,LOSS,-26.04,-100.0,325.48,299.44,-0.2,Total Goals,Medium Risk,RB Leipzig vs Bayer Leverkusen,Over 1.5 Goals in Match @ 2.15,-0.570000000000018,100
2024-09-09,Monday,RB Leipzig,Bayer Leverkusen,Bundesliga,Over 9.5 Corners,Over 9.5 Total Corners,1.91,23.96,41.7,74.1,WIN,21.84,91.2,299.44,321.28,7.1,Corners,Medium Risk,RB Leipzig vs Bayer Leverkusen,Over 9.5 Total Corners @ 1.91,21.269999999999982,101
2024-09-10,Tuesday,Borussia Monchengladbach,Wolfsburg,Bundesliga,Over 9.5 Corners,Over 9.5 Total Corners,1.78,25.7,29.8,72.7,LOSS,-25.7,-100.0,321.28,295.58,-1.5,Corners,Medium Risk,Borussia Monchengladbach vs Wolfsburg,Over 9.5 Total Corners @ 1.78,-4.4300000000000175,102
2024-09-10,Tuesday,Brentford,Wolves,Premier League,Over 9.5 Corners,Over 9.5 Total Corners,2.12,23.65,60.4,75.6,WIN,26.56,112.3,295.58,322.14,7.4,Corners,Medium Risk,Brentford vs Wolves,Over 9.5 Total Corners @ 2.12,22.12999999999998,103
2024-09-10,Tuesday,Team 5,Team 6,MLS,Home Under 1.5,Home Team Under 1.5 Goals,1.59,12.59,5.7,66.6,WIN,7.4,58.7,322.14,329.54,9.8,Team Goals,Medium Risk,Team 5 vs Team 6,Home Team Under 1.5 Goals @ 1.59,29.52999999999998,104
2024-09-11,Wednesday,Aston Villa,West Ham,Premier League,Draw/Away,Draw or Away Win,1.99,26.36,24.3,62.5,WIN,26.1,99.0,329.54,355.64,18.5,Double Chance,Medium Risk,Aston Villa vs West Ham,Draw or Away Win @ 1.99,55.62999999999998,105
2024-09-11,Wednesday,Aston Villa,West Ham,Premier League,Under 11.5 Corners,Under 11.5 Total Corners,1.47,28.45,20.6,82.3,WIN,13.23,46.5,355.64,368.87,23.0,Corners,Low Risk,Aston Villa vs West Ham,Under 11.5 Total Corners @ 1.47,68.85999999999999,106
2024-09-11,Wednesday,Aston Villa,West Ham,Premier League,Away Under 1.5,Away Team Under 1.5 Goals,1.68,11.25,5.2,62.6,WIN,7.66,68.1,368.87,376.53,25.5,Team Goals,Medium Risk,Aston Villa vs West Ham,Away Team Under 1.5 Goals @ 1.68,76.51999999999998,107
2024-09-12,Thursday,Team 1,Team 2,Eredivisie,Over 1.5,Over 1.5 Goals in Match,2.13,30.12,57.2,73.7,WIN,34.15,113.4,376.53,410.68,36.9,Total Goals,Medium Risk,Team 1 vs Team 2,Over 1.5 Goals in Match @ 2.13,110.66999999999999,108
2024-09-12,Thursday,Team 1,Team 2,Eredivisie,Over 9.5 Corners,Over 9.5 Total Corners,1.88,32.85,42.4,75.6,LOSS,-32.85,-100.0,410.68,377.83,25.9,Corners,Medium Risk,Team 1 vs Team 2,Over 9.5 Total Corners @ 1.88,77.82,109
2024-09-13,Friday,Real Sociedad,Getafe,La Liga,Over 1.5,Over 1.5 Goals in Match,2.28,30.23,68.0,73.8,WIN,38.59,127.7,377.83,416.42,38.8,Total Goals,Medium Risk,Real Sociedad vs Getafe,Over 1.5 Goals in Match @ 2.28,116.41,110
2024-09-13,Friday,Real Sociedad,Getafe,La Liga,Over 11.5 Corners,Over 11.5 Total Corners,2.28,33.31,44.0,63.2,LOSS,-33.31,-100.0,416.42,383.1,27.7,Corners,Medium Risk,Real Sociedad vs Getafe,Over 11.5 Total Corners @ 2.28,83.1,111
2024-09-13,Friday,Team 5,Team 6,MLS,Under 9.5 Corners,Under 9.5 Total Corners,1.68,12.02,5.4,62.6,WIN,8.21,68.3,383.1,391.31,30.4,Corners,Medium Risk,Team 5 vs Team 6,Under 9.5 Total Corners @ 1.68,91.31,112
2024-09-14,Saturday,Team 1,Team 2,Eredivisie,Under 11.5 Corners,Under 11.5 Total Corners,1.38,31.31,34.7,97.9,LOSS,-31.31,-100.0,391.31,360.01,20.0,Corners,Low Risk,Team 1 vs Team 2,Under 11.5 Total Corners @ 1.38,60.0,113
2024-09-14,Saturday,Team 1,Team 2,Eredivisie,Draw/Away,Draw or Away Win,1.83,20.0,11.5,60.9,WIN,16.6,83.0,360.01,376.61,25.5,Double Chance,Medium Risk,Team 1 vs Team 2,Draw or Away Win @ 1.83,76.6,114
2024-09-14,Saturday,Atletico Madrid,Valencia,La Liga,Home Under 1.5,Home Team Under 1.5 Goals,1.56,20.81,7.7,69.2,WIN,11.55,55.5,376.61,388.16,29.4,Team Goals,Medium Risk,Atletico Madrid vs Valencia,Home Team Under 1.5 Goals @ 1.56,88.14999999999999,115
2024-09-15,Sunday,Team 1,Team 2,Ligue 1,Over 9.5 Corners,Over 9.5 Total Corners,1.89,31.05,34.6,71.3,WIN,27.57,88.8,388.16,415.73,38.6,Corners,Medium Risk,Team 1 vs Team 2,Over 9.5 Total Corners @ 1.89,115.72,116
2024-09-15,Sunday,Team 1,Team 2,Ligue 1,Home/Away,Home Win or Away Win (No Draw),1.31,33.26,16.1,88.6,WIN,10.31,31.0,415.73,426.04,42.0,Double Chance,Low Risk,Team 1 vs Team 2,Home Win or Away Win (No Draw) @ 1.31,126.03,117
2024-09-15,Sunday,Osasuna,Celta Vigo,La Liga,Away Over 1.5,Away Team Over 1.5 Goals,1.78,11.77,5.4,59.2,LOSS,-11.77,-100.0,426.04,414.27,38.1,Team Goals,Medium Risk,Osasuna vs Celta Vigo,Away Team Over 1.5 Goals @ 1.78,114.26,118
2024-09-16,Monday,Inter Milan,Napoli,Serie A,Over 9.5 Corners,Over 9.5 Total Corners,1.9,33.14,33.3,70.0,LOSS,-33.14,-100.0,414.27,381.13,27.0,Corners,Medium Risk,Inter Milan vs Napoli,Over 9.5 Total Corners @ 1.90,81.12,119
2024-09-16,Monday,Inter Milan,Napoli,Serie A,Home/Draw,Home Win or Draw,2.23,30.49,32.5,59.4,LOSS,-30.49,-100.0,381.13,350.64,16.9,Double Chance,Medium Risk,Inter Milan vs Napoli,Home Win or Draw @ 2.23,50.63000000000001,120
2024-09-17,Tuesday,Sevilla,Real Betis,La Liga,Over 9.5 Corners,Over 9.5 Total Corners,2.04,28.05,50.1,73.5,LOSS,-28.05,-100.0,350.64,322.59,7.5,Corners,Medium Risk,Sevilla vs Real Betis,Over 9.5 Total Corners @ 2.04,22.58000000000001,121
2024-09-17,Tuesday,Team 3,Team 4,MLS,Over 9.5 Corners,Over 9.5 Total Corners,1.73,25.81,26.6,73.4,WIN,18.71,72.5,322.59,341.31,13.8,Corners,Medium Risk,Team 3 vs Team 4,Over 9.5 Total Corners @ 1.73,41.290000000000006,122
2024-09-17,Tuesday,Real Madrid,Barcelona,La Liga,Away +1,Away Team +1 Goal Handicap,1.54,13.57,5.4,68.4,WIN,7.34,54.1,341.31,348.65,16.2,Asian Handicap,Medium Risk,Real Madrid vs Barcelona,Away Team +1 Goal Handicap @ 1.54,48.63000000000001,123
2024-09-18,Wednesday,Bayern Munich,Borussia Dortmund,Bundesliga,Over 9.5 Corners,Over 9.5 Total Corners,2.02,27.89,60.0,79.1,LOSS,-27.89,-100.0,348.65,320.76,6.9,Corners,Medium Risk,Bayern Munich vs Borussia Dortmund,Over 9.5 Total Corners @ 2.02,20.74000000000001,124
2024-09-18,Wednesday,Bayern Munich,Borussia Dortmund,Bundesliga,Draw/Away,Draw or Away Win,2.23,25.66,56.8,70.3,WIN,31.56,123.0,320.76,352.32,17.4,Double Chance,Medium Risk,Bayern Munich vs Borussia Dortmund,Draw or Away Win @ 2.23,52.30000000000001,125
2024-09-18,Wednesday,Everton,Nottingham Forest,Premier League,Away Under 1.5,Away Team Under 1.5 Goals,1.72,15.75,8.0,62.9,WIN,11.31,71.8,352.32,363.62,21.2,Team Goals,Medium Risk,Everton vs Nottingham Forest,Away Team Under 1.5 Goals @ 1.72,63.610000000000014,126
2024-09-19,Thursday,Team 1,Team 2,Ligue 1,Over 2.5,Over 2.5 Goals in Match,2.74,29.09,78.6,65.3,WIN,50.51,173.6,363.62,414.14,38.0,Total Goals,High Risk,Team 1 vs Team 2,Over 2.5 Goals in Match @ 2.74,114.12,127
2024-09-19,Thursday,Team 1,Team 2,Ligue 1,Over 9.5 Corners,Over 9.5 Total Corners,2.04,33.13,52.6,74.9,LOSS,-33.13,-100.0,414.14,381.01,27.0,Corners,Medium Risk,Team 1 vs Team 2,Over 9.5 Total Corners @ 2.04,80.99000000000001,128
2024-09-20,Friday,Team 1,Team 2,Championship,Over 9.5 Corners,Over 9.5 Total Corners,1.94,30.48,42.1,73.4,WIN,28.54,93.6,381.01,409.54,36.5,Corners,Medium Risk,Team 1 vs Team 2,Over 9.5 Total Corners @ 1.94,109.53,129
2024-09-20,Friday,Team 1,Team 2,Championship,Draw/Away,Draw or Away Win,2.34,32.76,37.7,58.8,LOSS,-32.76,-100.0,409.54,376.78,25.6,Double Chance,Medium Risk,Team 1 vs Team 2,Draw or Away Win @ 2.34,76.77000000000001,130
2024-09-21,Saturday,Atletico Madrid,Valencia,La Liga,Home Under 1.5,Home Team Under 1.5 Goals,1.77,29.87,15.3,65.1,WIN,23.0,77.0,376.78,399.78,33.3,Team Goals,Medium Risk,Atletico Madrid vs Valencia,Home Team Under 1.5 Goals @ 1.77,99.77000000000001,131
2024-09-21,Saturday,Team 3,Team 4,Liga MX,Over 9.5 Corners,Over 9.5 Total Corners,1.72,31.98,30.4,76.0,WIN,22.88,71.5,399.78,422.66,40.9,Corners,Medium Risk,Team 3 vs Team 4,Over 9.5 Total Corners @ 1.72,122.65,132
2024-09-21,Saturday,Team 3,Team 4,Liga MX,Over 2.5,Over 2.5 Goals in Match,1.86,18.47,9.3,58.9,WIN,15.81,85.6,422.66,438.47,46.2,Total Goals,Medium Risk,Team 3 vs Team 4,Over 2.5 Goals in Match @ 1.86,138.46,133
2024-09-22,Sunday,Union Berlin,SC Freiburg,Bundesliga,BTTS No,Both Teams to Score - No,2.36,35.08,41.9,60.1,WIN,47.71,136.0,438.47,486.17,62.1,Both Teams to Score,Medium Risk,Union Berlin vs SC Freiburg,Both Teams to Score - No @ 2.36,186.17000000000002,134
2024-09-22,Sunday,Union Berlin,SC Freiburg,Bundesliga,Over 9.5 Corners,Over 9.5 Total Corners,1.76,38.89,29.1,73.5,WIN,29.41,75.6,486.17,515.58,71.9,Corners,Medium Risk,Union Berlin vs SC Freiburg,Over 9.5 Total Corners @ 1.76,215.58,135
2024-09-22,Sunday,Union Berlin,SC Freiburg,Bundesliga,Away +1,Away Team +1 Goal Handicap,1.58,28.39,8.0,68.4,WIN,16.43,57.9,515.58,532.01,77.3,Asian Handicap,Medium Risk,Union Berlin vs SC Freiburg,Away Team +1 Goal Handicap @ 1.58,232.01000000000002,136
2024-09-23,Monday,RB Leipzig,Bayer Leverkusen,Bundesliga,Over 1.5,Over 1.5 Goals in Match,2.4,42.56,76.7,73.7,LOSS,-42.56,-100.0,532.01,489.45,63.2,Total Goals,Medium Risk,RB Leipzig vs Bayer Leverkusen,Over 1.5 Goals in Match @ 2.40,189.45000000000002,137
2024-09-23,Monday,RB Leipzig,Bayer Leverkusen,Bundesliga,Over 9.5 Corners,Over 9.5 Total Corners,1.9,39.16,42.8,75.0,LOSS,-39.16,-100.0,489.45,450.3,50.1,Corners,Medium Risk,RB Leipzig vs Bayer Leverkusen,Over 9.5 Total Corners @ 1.90,150.29000000000002,138
2024-09-24,Tuesday,Team 1,Team 2,Championship,Home/Away,Home Win or Away Win (No Draw),1.44,36.02,9.5,76.1,WIN,15.85,44.0,450.3,466.15,55.4,Double Chance,Low Risk,Team 1 vs Team 2,Home Win or Away Win (No Draw) @ 1.44,166.14000000000001,139
2024-09-24,Tuesday,Team 1,Team 2,Championship,Away Under 1.5,Away Team Under 1.5 Goals,1.68,15.69,5.7,62.9,WIN,10.69,68.1,466.15,476.84,58.9,Team Goals,Medium Risk,Team 1 vs Team 2,Away Team Under 1.5 Goals @ 1.68,176.83,140
2024-09-24,Tuesday,Team 1,Team 2,Championship,Under 11.5 Corners,Under 11.5 Total Corners,1.37,26.9,5.3,76.7,LOSS,-26.9,-100.0,476.84,449.94,50.0,Corners,Low Risk,Team 1 vs Team 2,Under 11.5 Total Corners @ 1.37,149.93,141
2024-09-25,Wednesday,Juventus,AC Milan,Serie A,Home/Away,Home Win or Away Win (No Draw),1.34,35.99,15.9,86.5,WIN,12.24,34.0,449.94,462.17,54.1,Double Chance,Low Risk,Juventus vs AC Milan,Home Win or Away Win (No Draw) @ 1.34,162.17000000000002,142
2024-09-25,Wednesday,Juventus,AC Milan,Serie A,Over 2.5,Over 2.5 Goals in Match,1.83,18.63,8.4,59.1,LOSS,-18.63,-100.0,462.17,443.54,47.8,Total Goals,Medium Risk,Juventus vs AC Milan,Over 2.5 Goals in Match @ 1.83,143.54000000000002,143
2024-09-25,Wednesday,Team 7,Team 8,Other,Draw/Away,Draw or Away Win,1.53,26.46,7.9,70.5,WIN,14.03,53.0,443.54,457.57,52.5,Double Chance,Medium Risk,Team 7 vs Team 8,Draw or Away Win @ 1.53,157.57000000000002,144
2024-09-26,Thursday,Tottenham,Manchester United,Premier League,Under 11.5 Corners,Under 11.5 Total Corners,1.38,36.61,8.5,78.4,WIN,14.07,38.4,457.57,471.63,57.2,Corners,Low Risk,Tottenham vs Manchester United,Under 11.5 Total Corners @ 1.38,171.64000000000001,145
2024-09-26,Thursday,Aston Villa,West Ham,Premier League,Over 1.5,Over 1.5 Goals in Match,2.37,37.73,76.3,74.4,WIN,51.71,137.0,471.63,523.34,74.4,Total Goals,Medium Risk,Aston Villa vs West Ham,Over 1.5 Goals in Match @ 2.37,223.35000000000002,146
2024-09-26,Thursday,Crystal Palace,Fulham,Premier League,Over 2.5,Over 2.5 Goals in Match,1.87,30.1,12.6,60.1,LOSS,-30.1,-100.0,523.34,493.24,64.4,Total Goals,Medium Risk,Crystal Palace vs Fulham,Over 2.5 Goals in Match @ 1.87,193.25000000000003,147
2024-09-27,Friday,Eintracht Frankfurt,VfB Stuttgart,Bundesliga,Over 9.5 Corners,Over 9.5 Total Corners,1.97,39.46,45.7,74.1,LOSS,-39.46,-100.0,493.24,453.78,51.3,Corners,Medium Risk,Eintracht Frankfurt vs VfB Stuttgart,Over 9.5 Total Corners @ 1.97,153.79000000000002,148
2024-09-27,Friday,Eintracht Frankfurt,VfB Stuttgart,Bundesliga,Home Under 1.5,Home Team Under 1.5 Goals,1.69,33.06,12.6,66.6,WIN,22.81,69.0,453.78,476.59,58.9,Team Goals,Medium Risk,Eintracht Frankfurt vs VfB Stuttgart,Home Team Under 1.5 Goals @ 1.69,176.60000000000002,149
2024-09-28,Saturday,RB Leipzig,Bayer Leverkusen,Bundesliga,Over 1.5,Over 1.5 Goals in Match,2.11,38.13,52.8,72.4,WIN,42.29,110.9,476.59,518.87,73.0,Total Goals,Medium Risk,RB Leipzig vs Bayer Leverkusen,Over 1.5 Goals in Match @ 2.11,218.89000000000001,150
2024-09-28,Saturday,RB Leipzig,Bayer Leverkusen,Bundesliga,Over 11.5 Corners,Over 11.5 Total Corners,2.19,41.51,33.0,60.8,WIN,49.25,118.7,518.87,568.13,89.4,Corners,Medium Risk,RB Leipzig vs Bayer Leverkusen,Over 11.5 Total Corners @ 2.19,268.14,151
2024-09-28,Saturday,Brentford,Wolves,Premier League,Away +1,Away Team +1 Goal Handicap,1.47,27.94,5.7,72.2,WIN,13.0,46.5,568.13,581.12,93.7,Asian Handicap,Low Risk,Brentford vs Wolves,Away Team +1 Goal Handicap @ 1.47,281.14,152
2024-09-29,Sunday,Osasuna,Celta Vigo,La Liga,BTTS No,Both Teams to Score - No,2.41,46.49,53.8,63.8,WIN,65.55,141.0,581.12,646.67,115.6,Both Teams to Score,Medium Risk,Osasuna vs Celta Vigo,Both Teams to Score - No @ 2.41,346.69,153
2024-09-29,Sunday,Osasuna,Celta Vigo,La Liga,Home Under 1.5,Home Team Under 1.5 Goals,1.79,51.73,21.8,67.9,WIN,41.09,79.4,646.67,687.76,129.3,Team Goals,Medium Risk,Osasuna vs Celta Vigo,Home Team Under 1.5 Goals @ 1.79,387.78,154
2024-09-29,Sunday,Eintracht Frankfurt,VfB Stuttgart,Bundesliga,Away +1,Away Team +1 Goal Handicap,1.56,33.32,6.7,68.6,WIN,18.52,55.6,687.76,706.28,135.4,Asian Handicap,Medium Risk,Eintracht Frankfurt vs VfB Stuttgart,Away Team +1 Goal Handicap @ 1.56,406.29999999999995,155
2024-09-30,Monday,Manchester City,Arsenal,Premier League,Over 1.5,Over 1.5 Goals in Match,2.25,56.5,66.0,73.7,WIN,70.8,125.3,706.28,777.08,159.0,Total Goals,Medium Risk,Manchester City vs Arsenal,Over 1.5 Goals in Match @ 2.25,477.09999999999997,156
2024-09-30,Monday,Manchester City,Arsenal,Premier League,BTTS No,Both Teams to Score - No,2.41,62.17,65.5,68.7,LOSS,-62.17,-100.0,777.08,714.91,138.3,Both Teams to Score,Medium Risk,Manchester City vs Arsenal,Both Teams to Score - No @ 2.41,414.92999999999995,157
2024-10-01,Tuesday,Eintracht Frankfurt,VfB Stuttgart,Bundesliga,Over 9.5 Corners,Over 9.5 Total Corners,1.74,57.19,31.7,75.6,LOSS,-57.19,-100.0,714.91,657.72,119.2,Corners,Medium Risk,Eintracht Frankfurt vs VfB Stuttgart,Over 9.5 Total Corners @ 1.74,357.73999999999995,158
2024-10-01,Tuesday,Eintracht Frankfurt,VfB Stuttgart,Bundesliga,Away Under 1.5,Away Team Under 1.5 Goals,1.76,32.71,9.4,62.3,WIN,24.78,75.8,657.72,682.5,127.5,Team Goals,Medium Risk,Eintracht Frankfurt vs VfB Stuttgart,Away Team Under 1.5 Goals @ 1.76,382.52,159
2024-10-01,Tuesday,Eintracht Frankfurt,VfB Stuttgart,Bundesliga,Home Over 1.5,Home Team Over 1.5 Goals,1.87,34.9,11.1,59.4,LOSS,-34.9,-100.0,682.5,647.61,115.9,Team Goals,Medium Risk,Eintracht Frankfurt vs VfB Stuttgart,Home Team Over 1.5 Goals @ 1.87,347.62,160
2024-10-02,Wednesday,Borussia Monchengladbach,Wolfsburg,Bundesliga,Over 9.5 Corners,Over 9.5 Total Corners,1.78,51.81,34.2,75.6,WIN,40.25,77.7,647.61,687.85,129.3,Corners,Medium Risk,Borussia Monchengladbach vs Wolfsburg,Over 9.5 Total Corners @ 1.78,387.87,161
2024-10-02,Wednesday,Borussia Monchengladbach,Wolfsburg,Bundesliga,Home Under 1.5,Home Team Under 1.5 Goals,1.64,36.79,8.6,66.1,WIN,23.67,64.3,687.85,711.52,137.2,Team Goals,Medium Risk,Borussia Monchengladbach vs Wolfsburg,Home Team Under 1.5 Goals @ 1.64,411.54,162
2024-10-02,Wednesday,RB Leipzig,Bayer Leverkusen,Bundesliga,BTTS No,Both Teams to Score - No,1.95,44.0,14.7,58.8,WIN,41.8,95.0,711.52,753.32,151.1,Both Teams to Score,Medium Risk,RB Leipzig vs Bayer Leverkusen,Both Teams to Score - No @ 1.95,453.34000000000003,163
2024-10-03,Thursday,Team 1,Team 2,Liga MX,Over 9.5 Corners,Over 9.5 Total Corners,2.17,60.27,70.4,78.5,LOSS,-60.27,-100.0,753.32,693.05,131.0,Corners,Medium Risk,Team 1 vs Team 2,Over 9.5 Total Corners @ 2.17,393.07000000000005,164
2024-10-03,Thursday,Team 1,Team 2,Liga MX,BTTS No,Both Teams to Score - No,2.37,55.44,42.5,60.1,WIN,75.96,137.0,693.05,769.01,156.3,Both Teams to Score,Medium Risk,Team 1 vs Team 2,Both Teams to Score - No @ 2.37,469.03000000000003,165
2024-10-03,Thursday,Atletico Madrid,Valencia,La Liga,Under 3.5,Under 3.5 Goals in Match,1.55,32.91,5.9,68.4,WIN,18.06,54.9,769.01,787.07,162.4,Total Goals,Medium Risk,Atletico Madrid vs Valencia,Under 3.5 Goals in Match @ 1.55,487.09000000000003,166
2024-10-04,Friday,RB Leipzig,Bayer Leverkusen,Bundesliga,Over 1.5,Over 1.5 Goals in Match,2.3,62.97,71.2,74.4,WIN,82.01,130.2,787.07,869.08,189.7,Total Goals,Medium Risk,RB Leipzig vs Bayer Leverkusen,Over 1.5 Goals in Match @ 2.30,569.1,167
2024-10-04,Friday,RB Leipzig,Bayer Leverkusen,Bundesliga,Over 9.5 Corners,Over 9.5 Total Corners,1.94,69.53,33.8,68.9,WIN,65.47,94.2,869.08,934.55,211.5,Corners,Medium Risk,RB Leipzig vs Bayer Leverkusen,Over 9.5 Total Corners @ 1.94,634.57,168
2024-10-04,Friday,RB Leipzig,Bayer Leverkusen,Bundesliga,Home Under 1.5,Home Team Under 1.5 Goals,1.53,37.06,5.3,68.7,LOSS,-37.06,-100.0,934.55,897.49,199.2,Team Goals,Medium Risk,RB Leipzig vs Bayer Leverkusen,Home Team Under 1.5 Goals @ 1.53,597.51,169
2024-10-05,Saturday,Newcastle,Brighton,Premier League,Over 1.5,Over 1.5 Goals in Match,2.16,71.8,60.3,74.4,WIN,82.94,115.5,897.49,980.43,226.8,Total Goals,Medium Risk,Newcastle vs Brighton,Over 1.5 Goals in Match @ 2.16,680.45,170
2024-10-05,Saturday,Newcastle,Brighton,Premier League,Over 9.5 Corners,Over 9.5 Total Corners,1.79,78.43,35.5,75.6,LOSS,-78.43,-100.0,980.43,902.0,200.7,Corners,Medium Risk,Newcastle vs Brighton,Over 9.5 Total Corners @ 1.79,602.02,171
2024-10-05,Saturday,AS Roma,Lazio,Serie A,Draw/Away,Draw or Away Win,1.82,26.96,6.1,58.3,WIN,22.11,82.0,902.0,924.1,208.0,Double Chance,Medium Risk,AS Roma vs Lazio,Draw or Away Win @ 1.82,624.13,172
2024-10-06,Sunday,Team 1,Team 2,Ligue 1,Over 11.5 Corners,Over 11.5 Total Corners,4.1,73.93,141.7,58.9,LOSS,-73.93,-100.0,924.1,850.18,183.4,Corners,High Risk,Team 1 vs Team 2,Over 11.5 Total Corners @ 4.10,550.2,173
2024-10-06,Sunday,Team 1,Team 2,Ligue 1,Over 9.5 Corners,Over 9.5 Total Corners,2.12,68.01,60.0,75.6,LOSS,-68.01,-100.0,850.18,782.16,160.7,Corners,Medium Risk,Team 1 vs Team 2,Over 9.5 Total Corners @ 2.12,482.19000000000005,174
2024-10-07,Monday,Union Berlin,SC Freiburg,Bundesliga,Over 1.5,Over 1.5 Goals in Match,1.99,62.57,46.6,73.7,LOSS,-62.57,-100.0,782.16,719.59,139.9,Total Goals,Medium Risk,Union Berlin vs SC Freiburg,Over 1.5 Goals in Match @ 1.99,419.62000000000006,175
2024-10-07,Monday,Union Berlin,SC Freiburg,Bundesliga,Over 9.5 Corners,Over 9.5 Total Corners,1.77,57.57,25.9,71.3,WIN,44.12,76.6,719.59,763.71,154.6,Corners,Medium Risk,Union Berlin vs SC Freiburg,Over 9.5 Total Corners @ 1.77,463.74000000000007,176
2024-10-08,Tuesday,Team 1,Team 2,Liga MX,Over 1.5,Over 1.5 Goals in Match,1.97,61.1,45.1,73.7,WIN,59.22,96.9,763.71,822.93,174.3,Total Goals,Medium Risk,Team 1 vs Team 2,Over 1.5 Goals in Match @ 1.97,522.96,177
2024-10-08,Tuesday,Team 1,Team 2,Liga MX,BTTS No,Both Teams to Score - No,1.95,65.83,23.5,63.4,LOSS,-65.83,-100.0,822.93,757.09,152.4,Both Teams to Score,Medium Risk,Team 1 vs Team 2,Both Teams to Score - No @ 1.95,457.13000000000005,178
2024-10-09,Wednesday,AS Roma,Lazio,Serie A,Over 9.5 Corners,Over 9.5 Total Corners,2.19,60.57,65.4,75.6,WIN,72.03,118.9,757.09,829.12,176.4,Corners,Medium Risk,AS Roma vs Lazio,Over 9.5 Total Corners @ 2.19,529.1600000000001,179
2024-10-09,Wednesday,AS Roma,Lazio,Serie A,Over 1.5,Over 1.5 Goals in Match,2.07,66.33,53.8,74.4,LOSS,-66.33,-100.0,829.12,762.79,154.3,Total Goals,Medium Risk,AS Roma vs Lazio,Over 1.5 Goals in Match @ 2.07,462.8300000000001,180
2024-10-10,Thursday,RB Leipzig,Bayer Leverkusen,Bundesliga,Over 9.5 Corners,Over 9.5 Total Corners,1.89,61.02,28.8,68.1,WIN,54.42,89.2,762.79,817.21,172.4,Corners,Medium Risk,RB Leipzig vs Bayer Leverkusen,Over 9.5 Total Corners @ 1.89,517.2500000000001,181
2024-10-10,Thursday,RB Leipzig,Bayer Leverkusen,Bundesliga,Home/Away,Home Win or Away Win (No Draw),1.38,65.38,10.4,80.0,WIN,24.84,38.0,817.21,842.05,180.7,Double Chance,Low Risk,RB Leipzig vs Bayer Leverkusen,Home Win or Away Win (No Draw) @ 1.38,542.0900000000001,182
2024-10-10,Thursday,RB Leipzig,Bayer Leverkusen,Bundesliga,Over 2.5,Over 2.5 Goals in Match,1.83,31.9,7.9,58.9,WIN,26.49,83.1,842.05,868.55,189.5,Total Goals,Medium Risk,RB Leipzig vs Bayer Leverkusen,Over 2.5 Goals in Match @ 1.83,568.5800000000002,183
2024-10-11,Friday,Tottenham,Manchester United,Premier League,Over 9.5 Corners,Over 9.5 Total Corners,2.18,69.48,64.4,75.6,LOSS,-69.48,-100.0,868.55,799.06,166.4,Corners,Medium Risk,Tottenham vs Manchester United,Over 9.5 Total Corners @ 2.18,499.10000000000014,184
2024-10-11,Friday,Tottenham,Manchester United,Premier League,Home Under 1.5,Home Team Under 1.5 Goals,1.78,63.92,18.1,66.5,WIN,49.61,77.6,799.06,848.67,182.9,Team Goals,Medium Risk,Tottenham vs Manchester United,Home Team Under 1.5 Goals @ 1.78,548.7100000000002,185
2024-10-12,Saturday,RB Leipzig,Bayer Leverkusen,Bundesliga,Over 9.5 Corners,Over 9.5 Total Corners,1.91,67.89,40.2,73.4,LOSS,-67.89,-100.0,848.67,780.78,160.3,Corners,Medium Risk,RB Leipzig vs Bayer Leverkusen,Over 9.5 Total Corners @ 1.91,480.82000000000016,186
2024-10-12,Saturday,RB Leipzig,Bayer Leverkusen,Bundesliga,BTTS No,Both Teams to Score - No,2.01,62.46,32.8,66.1,WIN,63.09,101.0,780.78,843.87,181.3,Both Teams to Score,Medium Risk,RB Leipzig vs Bayer Leverkusen,Both Teams to Score - No @ 2.01,543.9100000000002,187
2024-10-12,Saturday,RB Leipzig,Bayer Leverkusen,Bundesliga,Draw/Away,Draw or Away Win,1.87,37.94,9.8,58.7,WIN,33.01,87.0,843.87,876.88,192.3,Double Chance,Medium Risk,RB Leipzig vs Bayer Leverkusen,Draw or Away Win @ 1.87,576.9200000000002,188
2024-10-13,Sunday,Team 1,Team 2,Eredivisie,BTTS No,Both Teams to Score - No,2.38,70.15,43.1,60.1,LOSS,-70.15,-100.0,876.88,806.73,168.9,Both Teams to Score,Medium Risk,Team 1 vs Team 2,Both Teams to Score - No @ 2.38,506.7700000000002,189
2024-10-13,Sunday,Team 1,Team 2,Eredivisie,Over 9.5 Corners,Over 9.5 Total Corners,1.74,64.54,29.3,74.1,LOSS,-64.54,-100.0,806.73,742.19,147.4,Corners,Medium Risk,Team 1 vs Team 2,Over 9.5 Total Corners @ 1.74,442.2300000000002,190
2024-10-14,Monday,Real Madrid,Barcelona,La Liga,Over 9.5 Corners,Over 9.5 Total Corners,2.01,59.37,47.4,73.4,WIN,59.93,100.9,742.19,802.12,167.4,Corners,Medium Risk,Real Madrid vs Barcelona,Over 9.5 Total Corners @ 2.01,502.1600000000002,191
2024-10-14,Monday,Real Madrid,Barcelona,La Liga,BTTS No,Both Teams to Score - No,2.03,64.17,28.6,63.4,WIN,66.09,103.0,802.12,868.22,189.4,Both Teams to Score,Medium Risk,Real Madrid vs Barcelona,Both Teams to Score - No @ 2.03,568.2500000000002,192
2024-10-14,Monday,Everton,Nottingham Forest,Premier League,Draw/Away,Draw or Away Win,1.78,44.73,10.0,61.8,WIN,34.89,78.0,868.22,903.11,201.0,Double Chance,Medium Risk,Everton vs Nottingham Forest,Draw or Away Win @ 1.78,603.1400000000002,193
2024-10-15,Tuesday,Team 1,Team 2,Ligue 1,Over 1.5,Over 1.5 Goals in Match,2.3,72.25,64.7,71.8,LOSS,-72.25,-100.0,903.11,830.86,177.0,Total Goals,Medium Risk,Team 1 vs Team 2,Over 1.5 Goals in Match @ 2.30,530.8900000000002,194
2024-10-15,Tuesday,Team 1,Team 2,Ligue 1,Away Under 1.5,Away Team Under 1.5 Goals,1.6,34.33,6.2,66.5,LOSS,-34.33,-100.0,830.86,796.52,165.5,Team Goals,Medium Risk,Team 1 vs Team 2,Away Team Under 1.5 Goals @ 1.60,496.56000000000023,195
2024-10-15,Tuesday,Bologna,Torino,Serie A,Away Under 1.5,Away Team Under 1.5 Goals,1.74,51.18,11.8,64.4,WIN,37.63,73.5,796.52,834.16,178.1,Team Goals,Medium Risk,Bologna vs Torino,Away Team Under 1.5 Goals @ 1.74,534.1900000000003,196
2024-10-16,Wednesday,Union Berlin,SC Freiburg,Bundesliga,Over 9.5 Corners,Over 9.5 Total Corners,2.2,66.73,61.9,73.7,WIN,79.78,119.6,834.16,913.93,204.6,Corners,Medium Risk,Union Berlin vs SC Freiburg,Over 9.5 Total Corners @ 2.20,613.9700000000003,197
2024-10-16,Wednesday,Team 3,Team 4,MLS,Over 9.5 Corners,Over 9.5 Total Corners,1.93,73.11,43.3,74.3,LOSS,-73.11,-100.0,913.93,840.82,180.3,Corners,Medium Risk,Team 3 vs Team 4,Over 9.5 Total Corners @ 1.93,540.8600000000002,198
2024-10-16,Wednesday,Juventus,AC Milan,Serie A,Over 2.5,Over 2.5 Goals in Match,1.78,22.91,5.3,59.1,WIN,17.89,78.1,840.82,858.71,186.2,Total Goals,Medium Risk,Juventus vs AC Milan,Over 2.5 Goals in Match @ 1.78,558.7500000000002,199
2024-10-17,Thursday,Sevilla,Real Betis,La Liga,Home Under 1.5,Home Team Under 1.5 Goals,1.75,68.7,15.5,66.1,WIN,51.39,74.8,858.71,910.11,203.4,Team Goals,Medium Risk,Sevilla vs Real Betis,Home Team Under 1.5 Goals @ 1.75,610.1400000000002,200
2024-10-17,Thursday,Sevilla,Real Betis,La Liga,BTTS No,Both Teams to Score - No,1.88,54.09,13.1,60.1,WIN,47.6,88.0,910.11,957.7,219.2,Both Teams to Score,Medium Risk,Sevilla vs Real Betis,Both Teams to Score - No @ 1.88,657.7400000000002,201
2024-10-17,Thursday,Sevilla,Real Betis,La Liga,Under 3.5,Under 3.5 Goals in Match,1.4,66.54,6.9,76.4,LOSS,-66.54,-100.0,957.7,891.16,197.1,Total Goals,Low Risk,Sevilla vs Real Betis,Under 3.5 Goals in Match @ 1.40,591.2000000000003,202
2024-10-18,Friday,Union Berlin,SC Freiburg,Bundesliga,Over 1.5,Over 1.5 Goals in Match,2.13,71.29,58.1,74.4,WIN,80.3,112.6,891.16,971.46,223.8,Total Goals,Medium Risk,Union Berlin vs SC Freiburg,Over 1.5 Goals in Match @ 2.13,671.5000000000002,203
2024-10-18,Friday,Union Berlin,SC Freiburg,Bundesliga,Over 9.5 Corners,Over 9.5 Total Corners,1.88,77.72,41.8,75.6,WIN,68.15,87.7,971.46,1039.61,246.5,Corners,Medium Risk,Union Berlin vs SC Freiburg,Over 9.5 Total Corners @ 1.88,739.6500000000002,204
2024-10-18,Friday,Team 3,Team 4,Ligue 1,Home,Home Team Win,1.61,37.75,5.5,65.7,LOSS,-37.75,-100.0,1039.61,1001.86,234.0,Match Winner,Medium Risk,Team 3 vs Team 4,Home Team Win @ 1.61,701.9000000000002,205
2024-10-19,Saturday,Everton,Nottingham Forest,Premier League,Over 9.5 Corners,Over 9.5 Total Corners,1.79,80.15,33.8,75.0,WIN,62.93,78.5,1001.86,1064.8,254.9,Corners,Medium Risk,Everton vs Nottingham Forest,Over 9.5 Total Corners @ 1.79,764.8300000000002,206
2024-10-19,Saturday,Everton,Nottingham Forest,Premier League,Home Under 1.5,Home Team Under 1.5 Goals,1.76,60.7,10.8,63.0,WIN,46.1,76.0,1064.8,1110.9,270.3,Team Goals,Medium Risk,Everton vs Nottingham Forest,Home Team Under 1.5 Goals @ 1.76,810.9300000000002,207
2024-10-19,Saturday,Team 3,Team 4,Liga MX,Home Under 1.5,Home Team Under 1.5 Goals,1.66,78.17,11.6,67.2,LOSS,-78.17,-100.0,1110.9,1032.73,244.2,Team Goals,Medium Risk,Team 3 vs Team 4,Home Team Under 1.5 Goals @ 1.66,732.7600000000002,208
2024-10-20,Sunday,Team 1,Team 2,MLS,Over 1.5,Over 1.5 Goals in Match,2.25,82.62,72.6,76.6,WIN,103.5,125.3,1032.73,1136.23,278.7,Total Goals,Medium Risk,Team 1 vs Team 2,Over 1.5 Goals in Match @ 2.25,836.2600000000002,209
2024-10-20,Sunday,Team 1,Team 2,MLS,Over 9.5 Corners,Over 9.5 Total Corners,2.09,90.9,57.1,75.0,WIN,99.51,109.5,1136.23,1235.74,311.9,Corners,Medium Risk,Team 1 vs Team 2,Over 9.5 Total Corners @ 2.09,935.7700000000002,210
2024-10-20,Sunday,Team 1,Team 2,MLS,Away Under 1.5,Away Team Under 1.5 Goals,1.76,57.07,8.8,61.8,WIN,43.4,76.0,1235.74,1279.14,326.4,Team Goals,Medium Risk,Team 1 vs Team 2,Away Team Under 1.5 Goals @ 1.76,979.1700000000002,211
2024-10-21,Monday,Liverpool,Chelsea,Premier League,Over 9.5 Corners,Over 9.5 Total Corners,2.18,102.33,60.3,73.5,LOSS,-102.33,-100.0,1279.14,1176.81,292.3,Corners,Medium Risk,Liverpool vs Chelsea,Over 9.5 Total Corners @ 2.18,876.8400000000001,212
2024-10-21,Monday,Liverpool,Chelsea,Premier League,Over 2.5,Over 2.5 Goals in Match,2.54,94.14,48.3,58.3,LOSS,-94.14,-100.0,1176.81,1082.67,260.9,Total Goals,High Risk,Liverpool vs Chelsea,Over 2.5 Goals in Match @ 2.54,782.7000000000002,213
2024-10-22,Tuesday,AS Roma,Lazio,Serie A,Home/Away,Home Win or Away Win (No Draw),1.41,86.61,12.6,79.9,WIN,35.51,41.0,1082.67,1118.18,272.7,Double Chance,Low Risk,AS Roma vs Lazio,Home Win or Away Win (No Draw) @ 1.41,818.2100000000002,214
2024-10-22,Tuesday,Team 3,Team 4,Ligue 1,Over 9.5 Corners,Over 9.5 Total Corners,1.97,89.45,46.3,74.1,WIN,87.12,97.4,1118.18,1205.3,301.8,Corners,Medium Risk,Team 3 vs Team 4,Over 9.5 Total Corners @ 1.97,905.3300000000002,215
2024-10-22,Tuesday,Team 3,Team 4,Ligue 1,Away Under 1.5,Away Team Under 1.5 Goals,1.68,38.01,5.4,62.7,WIN,25.84,68.0,1205.3,1231.14,310.4,Team Goals,Medium Risk,Team 3 vs Team 4,Away Team Under 1.5 Goals @ 1.68,931.1700000000002,216
2024-10-23,Wednesday,Union Berlin,SC Freiburg,Bundesliga,Under 11.5 Corners,Under 11.5 Total Corners,1.47,98.49,27.4,86.9,LOSS,-98.49,-100.0,1231.14,1132.64,277.5,Corners,Low Risk,Union Berlin vs SC Freiburg,Under 11.5 Total Corners @ 1.47,832.6800000000002,217
2024-10-23,Wednesday,Union Berlin,SC Freiburg,Bundesliga,Home/Away,Home Win or Away Win (No Draw),1.29,90.61,9.3,84.7,LOSS,-90.61,-100.0,1132.64,1042.03,247.3,Double Chance,Low Risk,Union Berlin vs SC Freiburg,Home Win or Away Win (No Draw) @ 1.29,742.0700000000002,218
2024-10-24,Thursday,Team 1,Team 2,Ligue 1,Over 9.5 Corners,Over 9.5 Total Corners,1.82,83.36,33.7,73.4,LOSS,-83.36,-100.0,1042.03,958.67,219.6,Corners,Medium Risk,Team 1 vs Team 2,Over 9.5 Total Corners @ 1.82,658.7100000000002,219
2024-10-24,Thursday,Team 1,Team 2,Ligue 1,Away +1,Away Team +1 Goal Handicap,1.56,47.21,6.9,68.4,WIN,26.62,56.4,958.67,985.29,228.4,Asian Handicap,Medium Risk,Team 1 vs Team 2,Away Team +1 Goal Handicap @ 1.56,685.3300000000002,220
2024-10-24,Thursday,Team 3,Team 4,MLS,Under 11.5 Corners,Under 11.5 Total Corners,1.5,42.68,5.4,70.3,WIN,21.35,50.0,985.29,1006.65,235.5,Corners,Medium Risk,Team 3 vs Team 4,Under 11.5 Total Corners @ 1.50,706.6800000000002,221
2024-10-25,Friday,Eintracht Frankfurt,VfB Stuttgart,Bundesliga,Over 9.5 Corners,Over 9.5 Total Corners,1.74,80.53,27.9,73.5,LOSS,-80.53,-100.0,1006.65,926.12,208.7,Corners,Medium Risk,Eintracht Frankfurt vs VfB Stuttgart,Over 9.5 Total Corners @ 1.74,626.1500000000002,222
2024-10-25,Friday,Liverpool,Chelsea,Premier League,Over 1.5,Over 1.5 Goals in Match,1.92,74.09,41.7,73.7,WIN,68.38,92.3,926.12,994.5,231.5,Total Goals,Medium Risk,Liverpool vs Chelsea,Over 1.5 Goals in Match @ 1.92,694.5300000000002,223
2024-10-25,Friday,Team 13,Team 14,Liga MX,Under 11.5 Corners,Under 11.5 Total Corners,1.63,41.19,6.5,65.3,WIN,26.0,63.1,994.5,1020.49,240.2,Corners,Medium Risk,Team 13 vs Team 14,Under 11.5 Total Corners @ 1.63,720.5300000000002,224
2024-10-26,Saturday,Atalanta,Fiorentina,Serie A,Over 2.5,Over 2.5 Goals in Match,1.86,46.04,9.7,58.9,LOSS,-46.04,-100.0,1020.49,974.45,224.8,Total Goals,Medium Risk,Atalanta vs Fiorentina,Over 2.5 Goals in Match @ 1.86,674.4900000000002,225
2024-10-26,Saturday,Atalanta,Fiorentina,Serie A,Under 11.5 Corners,Under 11.5 Total Corners,1.33,77.96,9.0,82.1,LOSS,-77.96,-100.0,974.45,896.5,198.8,Corners,Low Risk,Atalanta vs Fiorentina,Under 11.5 Total Corners @ 1.33,596.5300000000002,226
2024-10-26,Saturday,Team 7,Team 8,MLS,Over 2.5,Over 2.5 Goals in Match,1.78,24.16,5.3,59.1,WIN,18.85,78.0,896.5,915.34,205.1,Total Goals,Medium Risk,Team 7 vs Team 8,Over 2.5 Goals in Match @ 1.78,615.3800000000002,227
2024-10-26,Saturday,Team 21,Team 22,Ligue 1,Draw/Away,Draw or Away Win,1.68,31.68,5.9,63.0,WIN,21.54,68.0,915.34,936.88,212.3,Double Chance,Medium Risk,Team 21 vs Team 22,Draw or Away Win @ 1.68,636.9200000000002,228
2024-10-27,Sunday,Real Sociedad,Getafe,La Liga,Over 9.5 Corners,Over 9.5 Total Corners,2.41,74.95,40.5,58.4,WIN,105.37,140.6,936.88,1042.26,247.4,Corners,Medium Risk,Real Sociedad vs Getafe,Over 9.5 Total Corners @ 2.41,742.2900000000002,229
2024-10-27,Sunday,Real Sociedad,Getafe,La Liga,Over 2.5,Over 2.5 Goals in Match,1.73,83.38,18.6,68.7,LOSS,-83.38,-100.0,1042.26,958.88,219.6,Total Goals,Medium Risk,Real Sociedad vs Getafe,Over 2.5 Goals in Match @ 1.73,658.9100000000002,230
2024-10-27,Sunday,Borussia Monchengladbach,Wolfsburg,Bundesliga,Over 2.5,Over 2.5 Goals in Match,1.79,26.73,5.5,58.9,LOSS,-26.73,-100.0,958.88,932.15,210.7,Total Goals,Medium Risk,Borussia Monchengladbach vs Wolfsburg,Over 2.5 Goals in Match @ 1.79,632.1800000000002,231
2024-10-28,Monday,Bologna,Torino,Serie A,Over 9.5 Corners,Over 9.5 Total Corners,1.88,74.57,37.7,73.4,WIN,65.42,87.7,932.15,997.57,232.5,Corners,Medium Risk,Bologna vs Torino,Over 9.5 Total Corners @ 1.88,697.6000000000001,232
2024-10-28,Monday,Bologna,Torino,Serie A,Over 2.5,Over 2.5 Goals in Match,1.87,47.35,10.4,58.9,LOSS,-47.35,-100.0,997.57,950.22,216.7,Total Goals,Medium Risk,Bologna vs Torino,Over 2.5 Goals in Match @ 1.87,650.2500000000001,233
2024-10-28,Monday,Union Berlin,SC Freiburg,Bundesliga,Home/Draw,Home Win or Draw,1.92,62.9,15.2,60.0,LOSS,-62.9,-100.0,950.22,887.32,195.8,Double Chance,Medium Risk,Union Berlin vs SC Freiburg,Home Win or Draw @ 1.92,587.3500000000001,234
2024-10-29,Tuesday,RB Leipzig,Bayer Leverkusen,Bundesliga,Over 1.5,Over 1.5 Goals in Match,2.01,70.99,48.4,73.7,WIN,71.94,101.3,887.32,959.25,219.8,Total Goals,Medium Risk,RB Leipzig vs Bayer Leverkusen,Over 1.5 Goals in Match @ 2.01,659.2900000000002,235
2024-10-29,Tuesday,RB Leipzig,Bayer Leverkusen,Bundesliga,Home Under 1.5,Home Team Under 1.5 Goals,1.75,76.74,40.0,79.9,LOSS,-76.74,-100.0,959.25,882.51,194.2,Team Goals,Medium Risk,RB Leipzig vs Bayer Leverkusen,Home Team Under 1.5 Goals @ 1.75,582.5500000000002,236
2024-10-30,Wednesday,Everton,Nottingham Forest,Premier League,Over 9.5 Corners,Over 9.5 Total Corners,2.15,70.6,62.8,75.6,LOSS,-70.6,-100.0,882.51,811.91,170.6,Corners,Medium Risk,Everton vs Nottingham Forest,Over 9.5 Total Corners @ 2.15,511.95000000000016,237
2024-10-30,Wednesday,Manchester City,Arsenal,Premier League,Over 1.5,Over 1.5 Goals in Match,1.91,64.95,42.0,74.4,WIN,59.1,91.0,811.91,871.01,190.3,Total Goals,Medium Risk,Manchester City vs Arsenal,Over 1.5 Goals in Match @ 1.91,571.0500000000002,238
2024-10-31,Thursday,Bologna,Torino,Serie A,Over 2.5,Over 2.5 Goals in Match,1.5,69.68,15.8,77.0,LOSS,-69.68,-100.0,871.01,801.33,167.1,Total Goals,Medium Risk,Bologna vs Torino,Over 2.5 Goals in Match @ 1.50,501.3700000000002,239
2024-10-31,Thursday,Team 3,Team 4,Other,Over 9.5 Corners,Over 9.5 Total Corners,2.17,64.11,52.7,70.4,LOSS,-64.11,-100.0,801.33,737.22,145.7,Corners,Medium Risk,Team 3 vs Team 4,Over 9.5 Total Corners @ 2.17,437.26000000000016,240
2024-11-01,Friday,Brentford,Wolves,Premier League,Over 9.5 Corners,Over 9.5 Total Corners,1.86,58.98,40.5,75.6,WIN,50.74,86.0,737.22,787.96,162.7,Corners,Medium Risk,Brentford vs Wolves,Over 9.5 Total Corners @ 1.86,488.00000000000017,241
2024-11-01,Friday,Manchester City,Arsenal,Premier League,Over 9.5 Corners,Over 9.5 Total Corners,2.0,63.04,58.6,79.4,WIN,62.8,99.6,787.96,850.76,183.6,Corners,Medium Risk,Manchester City vs Arsenal,Over 9.5 Total Corners @ 2.00,550.8000000000002,242
2024-11-02,Saturday,Villarreal,Athletic Bilbao,La Liga,Over 1.5,Over 1.5 Goals in Match,2.1,68.06,61.5,76.9,LOSS,-68.06,-100.0,850.76,782.7,160.9,Total Goals,Medium Risk,Villarreal vs Athletic Bilbao,Over 1.5 Goals in Match @ 2.10,482.7400000000002,243
2024-11-02,Saturday,Villarreal,Athletic Bilbao,La Liga,Over 2.5,Over 2.5 Goals in Match,2.24,62.62,32.6,59.1,LOSS,-62.62,-100.0,782.7,720.08,140.0,Total Goals,Medium Risk,Villarreal vs Athletic Bilbao,Over 2.5 Goals in Match @ 2.24,420.1200000000002,244
2024-11-03,Sunday,RB Leipzig,Bayer Leverkusen,Bundesliga,Over 9.5 Corners,Over 9.5 Total Corners,1.92,57.61,45.3,75.6,WIN,53.21,92.4,720.08,773.3,157.8,Corners,Medium Risk,RB Leipzig vs Bayer Leverkusen,Over 9.5 Total Corners @ 1.92,473.33000000000015,245
2024-11-03,Sunday,RB Leipzig,Bayer Leverkusen,Bundesliga,Away +1,Away Team +1 Goal Handicap,1.59,46.33,8.9,68.4,LOSS,-46.33,-100.0,773.3,726.97,142.3,Asian Handicap,Medium Risk,RB Leipzig vs Bayer Leverkusen,Away Team +1 Goal Handicap @ 1.59,427.00000000000017,246
2024-11-03,Sunday,RB Leipzig,Bayer Leverkusen,Bundesliga,Over 2.5,Over 2.5 Goals in Match,1.81,21.93,6.1,58.6,WIN,17.79,81.1,726.97,744.77,148.3,Total Goals,Medium Risk,RB Leipzig vs Bayer Leverkusen,Over 2.5 Goals in Match @ 1.81,444.7900000000002,247
2024-11-04,Monday,Union Berlin,SC Freiburg,Bundesliga,Over 2.5,Over 2.5 Goals in Match,1.88,59.58,68.2,89.3,WIN,52.7,88.4,744.77,797.46,165.8,Total Goals,Medium Risk,Union Berlin vs SC Freiburg,Over 2.5 Goals in Match @ 1.88,497.4900000000002,248
2024-11-04,Monday,Union Berlin,SC Freiburg,Bundesliga,Away +1,Away Team +1 Goal Handicap,1.38,63.8,10.7,80.0,WIN,24.51,38.4,797.46,821.98,174.0,Asian Handicap,Low Risk,Union Berlin vs SC Freiburg,Away Team +1 Goal Handicap @ 1.38,522.0000000000002,249
2024-11-05,Tuesday,Team 1,Team 2,Championship,Over 9.5 Corners,Over 9.5 Total Corners,2.19,65.76,64.4,74.9,LOSS,-65.76,-100.0,821.98,756.22,152.1,Corners,Medium Risk,Team 1 vs Team 2,Over 9.5 Total Corners @ 2.19,456.24000000000024,250
2024-11-05,Tuesday,Team 1,Team 2,Championship,BTTS No,Both Teams to Score - No,2.01,60.5,27.6,63.5,WIN,61.1,101.0,756.22,817.32,172.4,Both Teams to Score,Medium Risk,Team 1 vs Team 2,Both Teams to Score - No @ 2.01,517.3400000000003,251
2024-11-06,Wednesday,Team 1,Team 2,Ligue 1,Over 9.5 Corners,Over 9.5 Total Corners,2.15,65.39,60.8,74.9,WIN,74.95,114.6,817.32,892.27,197.4,Corners,Medium Risk,Team 1 vs Team 2,Over 9.5 Total Corners @ 2.15,592.2900000000003,252
2024-11-06,Wednesday,Team 3,Team 4,Championship,Away Over 1.5,Away Team Over 1.5 Goals,3.17,71.38,95.4,61.6,WIN,154.87,217.0,892.27,1047.14,249.0,Team Goals,High Risk,Team 3 vs Team 4,Away Team Over 1.5 Goals @ 3.17,747.1600000000003,253
2024-11-06,Wednesday,Atalanta,Fiorentina,Serie A,Home Under 1.5,Home Team Under 1.5 Goals,1.66,35.34,5.6,63.6,WIN,23.28,65.9,1047.14,1070.42,256.8,Team Goals,Medium Risk,Atalanta vs Fiorentina,Home Team Under 1.5 Goals @ 1.66,770.4400000000003,254
2024-11-07,Thursday,RB Leipzig,Bayer Leverkusen,Bundesliga,Over 1.5,Over 1.5 Goals in Match,1.83,85.63,35.9,74.4,LOSS,-85.63,-100.0,1070.42,984.79,228.3,Total Goals,Medium Risk,RB Leipzig vs Bayer Leverkusen,Over 1.5 Goals in Match @ 1.83,684.8100000000003,255
2024-11-07,Thursday,RB Leipzig,Bayer Leverkusen,Bundesliga,BTTS No,Both Teams to Score - No,2.04,78.78,22.7,60.1,WIN,81.93,104.0,984.79,1066.72,255.6,Both Teams to Score,Medium Risk,RB Leipzig vs Bayer Leverkusen,Both Teams to Score - No @ 2.04,766.7400000000002,256
2024-11-08,Friday,Osasuna,Celta Vigo,La Liga,Over 1.5,Over 1.5 Goals in Match,2.22,85.34,63.4,73.7,LOSS,-85.34,-100.0,1066.72,981.38,227.1,Total Goals,Medium Risk,Osasuna vs Celta Vigo,Over 1.5 Goals in Match @ 2.22,681.4000000000002,257
2024-11-08,Friday,Osasuna,Celta Vigo,La Liga,BTTS No,Both Teams to Score - No,2.63,78.51,54.7,58.8,WIN,127.97,163.0,981.38,1109.36,269.8,Both Teams to Score,High Risk,Osasuna vs Celta Vigo,Both Teams to Score - No @ 2.63,809.3700000000002,258
2024-11-08,Friday,Team 3,Team 4,Eredivisie,Home Under 1.5,Home Team Under 1.5 Goals,1.62,41.75,5.9,65.2,WIN,26.01,62.3,1109.36,1135.37,278.5,Team Goals,Medium Risk,Team 3 vs Team 4,Home Team Under 1.5 Goals @ 1.62,835.3800000000002,259
2024-11-09,Saturday,Manchester City,Arsenal,Premier League,Over 9.5 Corners,Over 9.5 Total Corners,1.93,90.83,41.1,72.9,LOSS,-90.83,-100.0,1135.37,1044.54,248.2,Corners,Medium Risk,Manchester City vs Arsenal,Over 9.5 Total Corners @ 1.93,744.5500000000002,260
2024-11-09,Saturday,Manchester City,Arsenal,Premier League,Over 2.5,Over 2.5 Goals in Match,1.83,39.31,7.8,58.9,LOSS,-39.31,-100.0,1044.54,1005.23,235.1,Total Goals,Medium Risk,Manchester City vs Arsenal,Over 2.5 Goals in Match @ 1.83,705.2400000000002,261
2024-11-09,Saturday,Team 5,Team 6,Eredivisie,Away Under 1.5,Away Team Under 1.5 Goals,1.7,63.3,11.0,65.4,WIN,44.2,69.8,1005.23,1049.42,249.8,Team Goals,Medium Risk,Team 5 vs Team 6,Away Team Under 1.5 Goals @ 1.70,749.4400000000003,262
2024-11-10,Sunday,Real Madrid,Barcelona,La Liga,Home/Draw,Home Win or Draw,2.26,83.95,31.8,58.3,WIN,105.78,126.0,1049.42,1155.21,285.1,Double Chance,Medium Risk,Real Madrid vs Barcelona,Home Win or Draw @ 2.26,855.2200000000003,263
2024-11-10,Sunday,Villarreal,Athletic Bilbao,La Liga,Over 9.5 Corners,Over 9.5 Total Corners,2.06,92.42,55.5,75.6,WIN,97.85,105.9,1155.21,1253.06,317.7,Corners,Medium Risk,Villarreal vs Athletic Bilbao,Over 9.5 Total Corners @ 2.06,953.0700000000003,264
2024-11-10,Sunday,Newcastle,Brighton,Premier League,Over 2.5,Over 2.5 Goals in Match,1.86,58.24,10.0,59.1,LOSS,-58.24,-100.0,1253.06,1194.82,298.3,Total Goals,Medium Risk,Newcastle vs Brighton,Over 2.5 Goals in Match @ 1.86,894.8300000000003,265
2024-11-11,Monday,Bayern Munich,Borussia Dortmund,Bundesliga,Home Over 1.5,Home Team Over 1.5 Goals,2.38,95.59,52.9,64.2,LOSS,-95.59,-100.0,1194.82,1099.23,266.4,Team Goals,Medium Risk,Bayern Munich vs Borussia Dortmund,Home Team Over 1.5 Goals @ 2.38,799.2400000000002,266
2024-11-11,Monday,Bayern Munich,Borussia Dortmund,Bundesliga,Under 11.5 Corners,Under 11.5 Total Corners,1.5,87.94,26.7,84.7,WIN,43.58,49.6,1099.23,1142.81,280.9,Corners,Low Risk,Bayern Munich vs Borussia Dortmund,Under 11.5 Total Corners @ 1.50,842.8200000000003,267
2024-11-12,Tuesday,Team 1,Team 2,Eredivisie,Over 9.5 Corners,Over 9.5 Total Corners,2.47,91.42,48.5,60.2,WIN,134.05,146.6,1142.81,1276.86,325.6,Corners,Medium Risk,Team 1 vs Team 2,Over 9.5 Total Corners @ 2.47,976.8700000000003,268
2024-11-12,Tuesday,Team 1,Team 2,Eredivisie,Under 11.5 Corners,Under 11.5 Total Corners,1.45,81.94,7.1,74.1,WIN,36.49,44.5,1276.86,1313.34,337.8,Corners,Low Risk,Team 1 vs Team 2,Under 11.5 Total Corners @ 1.45,1013.3600000000004,269
2024-11-12,Tuesday,Team 1,Team 2,Eredivisie,Over 2.5,Over 2.5 Goals in Match,1.75,46.41,6.6,61.0,WIN,34.72,74.8,1313.34,1348.06,349.4,Total Goals,Medium Risk,Team 1 vs Team 2,Over 2.5 Goals in Match @ 1.75,1048.0800000000004,270
2024-11-13,Wednesday,Team 1,Team 2,Ligue 1,BTTS No,Both Teams to Score - No,2.65,107.84,59.4,60.1,LOSS,-107.84,-100.0,1348.06,1240.22,313.4,Both Teams to Score,High Risk,Team 1 vs Team 2,Both Teams to Score - No @ 2.65,940.2400000000004,271
2024-11-13,Wednesday,Team 1,Team 2,Ligue 1,Over 9.5 Corners,Over 9.5 Total Corners,2.09,99.22,55.7,74.4,LOSS,-99.22,-100.0,1240.22,1141.0,280.3,Corners,Medium Risk,Team 1 vs Team 2,Over 9.5 Total Corners @ 2.09,841.0200000000003,272
2024-11-14,Thursday,Real Madrid,Barcelona,La Liga,Under 11.5 Corners,Under 11.5 Total Corners,1.37,91.28,12.4,82.0,LOSS,-91.28,-100.0,1141.0,1049.72,249.9,Corners,Low Risk,Real Madrid vs Barcelona,Under 11.5 Total Corners @ 1.37,749.7400000000004,273
2024-11-14,Thursday,Team 3,Team 4,Eredivisie,Over 9.5 Corners,Over 9.5 Total Corners,1.91,83.98,35.0,70.6,WIN,76.56,91.2,1049.72,1126.28,275.4,Corners,Medium Risk,Team 3 vs Team 4,Over 9.5 Total Corners @ 1.91,826.3000000000004,274
2024-11-14,Thursday,Real Sociedad,Getafe,La Liga,Home Under 1.5,Home Team Under 1.5 Goals,1.69,34.23,5.2,62.3,WIN,23.64,69.1,1126.28,1149.92,283.3,Team Goals,Medium Risk,Real Sociedad vs Getafe,Home Team Under 1.5 Goals @ 1.69,849.9400000000004,275
2024-11-15,Friday,Sevilla,Real Betis,La Liga,Over 9.5 Corners,Over 9.5 Total Corners,2.07,91.99,34.9,65.2,LOSS,-91.99,-100.0,1149.92,1057.92,252.6,Corners,Medium Risk,Sevilla vs Real Betis,Over 9.5 Total Corners @ 2.07,757.9500000000004,276
2024-11-15,Friday,Real Sociedad,Getafe,La Liga,Over 9.5 Corners,Over 9.5 Total Corners,1.96,84.63,45.2,74.1,LOSS,-84.63,-100.0,1057.92,973.29,224.4,Corners,Medium Risk,Real Sociedad vs Getafe,Over 9.5 Total Corners @ 1.96,673.3200000000004,277
2024-11-16,Saturday,Team 1,Team 2,Ligue 1,Over 9.5 Corners,Over 9.5 Total Corners,2.06,77.86,51.2,73.4,WIN,82.63,106.1,973.29,1055.92,252.0,Corners,Medium Risk,Team 1 vs Team 2,Over 9.5 Total Corners @ 2.06,755.9500000000004,278
2024-11-16,Saturday,Team 1,Team 2,Ligue 1,Draw/Away,Draw or Away Win,1.94,84.47,24.4,64.1,LOSS,-84.47,-100.0,1055.92,971.45,223.8,Double Chance,Medium Risk,Team 1 vs Team 2,Draw or Away Win @ 1.94,671.4800000000004,279
2024-11-17,Sunday,Liverpool,Chelsea,Premier League,BTTS No,Both Teams to Score - No,2.0,77.72,20.3,60.1,WIN,77.72,100.0,971.45,1049.17,249.7,Both Teams to Score,Medium Risk,Liverpool vs Chelsea,Both Teams to Score - No @ 2.00,749.2000000000004,280
2024-11-17,Sunday,Liverpool,Chelsea,Premier League,Away Under 1.5,Away Team Under 1.5 Goals,1.54,83.93,14.3,74.4,LOSS,-83.93,-100.0,1049.17,965.23,221.7,Team Goals,Medium Risk,Liverpool vs Chelsea,Away Team Under 1.5 Goals @ 1.54,665.2700000000004,281
2024-11-18,Monday,Bayern Munich,Borussia Dortmund,Bundesliga,Over 9.5 Corners,Over 9.5 Total Corners,1.98,77.22,48.2,74.9,WIN,75.46,97.7,965.23,1040.69,246.9,Corners,Medium Risk,Bayern Munich vs Borussia Dortmund,Over 9.5 Total Corners @ 1.98,740.7300000000005,282
2024-11-18,Monday,Team 3,Team 4,Eredivisie,Over 9.5 Corners,Over 9.5 Total Corners,2.05,83.26,39.9,68.1,WIN,87.6,105.2,1040.69,1128.3,276.1,Corners,Medium Risk,Team 3 vs Team 4,Over 9.5 Total Corners @ 2.05,828.3300000000005,283
2024-11-18,Monday,Team 3,Team 4,Eredivisie,Home Under 1.5,Home Team Under 1.5 Goals,1.71,52.77,8.3,63.5,LOSS,-52.77,-100.0,1128.3,1075.53,258.5,Team Goals,Medium Risk,Team 3 vs Team 4,Home Team Under 1.5 Goals @ 1.71,775.5600000000005,284
2024-11-19,Tuesday,Team 1,Team 2,Liga MX,Over 2.5,Over 2.5 Goals in Match,2.68,86.04,71.7,64.2,LOSS,-86.04,-100.0,1075.53,989.48,229.8,Total Goals,High Risk,Team 1 vs Team 2,Over 2.5 Goals in Match @ 2.68,689.5200000000006,285
2024-11-19,Tuesday,Team 1,Team 2,Liga MX,Over 9.5 Corners,Over 9.5 Total Corners,2.19,79.16,62.1,74.1,WIN,93.98,118.7,989.48,1083.46,261.2,Corners,Medium Risk,Team 1 vs Team 2,Over 9.5 Total Corners @ 2.19,783.5000000000006,286
2024-11-19,Tuesday,Juventus,AC Milan,Serie A,Away Under 1.5,Away Team Under 1.5 Goals,1.67,50.44,7.8,64.4,LOSS,-50.44,-100.0,1083.46,1033.02,244.3,Team Goals,Medium Risk,Juventus vs AC Milan,Away Team Under 1.5 Goals @ 1.67,733.0600000000006,287
2024-11-20,Wednesday,Bayern Munich,Borussia Dortmund,Bundesliga,BTTS No,Both Teams to Score - No,2.53,82.64,52.2,60.1,LOSS,-82.64,-100.0,1033.02,950.38,216.8,Both Teams to Score,High Risk,Bayern Munich vs Borussia Dortmund,Both Teams to Score - No @ 2.53,650.4200000000006,288
2024-11-20,Wednesday,Bayern Munich,Borussia Dortmund,Bundesliga,Over 9.5 Corners,Over 9.5 Total Corners,1.93,76.03,45.6,75.6,WIN,70.54,92.8,950.38,1020.91,240.3,Corners,Medium Risk,Bayern Munich vs Borussia Dortmund,Over 9.5 Total Corners @ 1.93,720.9600000000006,289
2024-11-20,Wednesday,Juventus,AC Milan,Serie A,Under 2.5,Under 2.5 Goals in Match,1.79,39.93,7.7,60.2,WIN,31.49,78.9,1020.91,1052.41,250.8,Total Goals,Medium Risk,Juventus vs AC Milan,Under 2.5 Goals in Match @ 1.79,752.4500000000006,290
2024-11-21,Thursday,Atletico Madrid,Valencia,La Liga,Over 1.5,Over 1.5 Goals in Match,2.23,84.19,59.7,71.8,WIN,103.19,122.6,1052.41,1155.59,285.2,Total Goals,Medium Risk,Atletico Madrid vs Valencia,Over 1.5 Goals in Match @ 2.23,855.6400000000006,291
2024-11-21,Thursday,Atletico Madrid,Valencia,La Liga,Away Under 1.5,Away Team Under 1.5 Goals,1.75,57.91,9.5,62.4,LOSS,-57.91,-100.0,1155.59,1097.69,265.9,Team Goals,Medium Risk,Atletico Madrid vs Valencia,Away Team Under 1.5 Goals @ 1.75,797.7300000000006,292
2024-11-21,Thursday,Atletico Madrid,Valencia,La Liga,Home Under 1.5,Home Team Under 1.5 Goals,1.63,55.13,8.0,66.1,WIN,34.93,63.4,1097.69,1132.62,277.5,Team Goals,Medium Risk,Atletico Madrid vs Valencia,Home Team Under 1.5 Goals @ 1.63,832.6600000000005,293
2024-11-22,Friday,Borussia Monchengladbach,Wolfsburg,Bundesliga,Over 9.5 Corners,Over 9.5 Total Corners,3.04,90.61,80.0,59.3,LOSS,-90.61,-100.0,1132.62,1042.01,247.3,Corners,High Risk,Borussia Monchengladbach vs Wolfsburg,Over 9.5 Total Corners @ 3.04,742.0500000000005,294
2024-11-22,Friday,Borussia Monchengladbach,Wolfsburg,Bundesliga,BTTS No,Both Teams to Score - No,2.67,83.36,57.4,58.9,LOSS,-83.36,-100.0,1042.01,958.65,219.5,Both Teams to Score,High Risk,Borussia Monchengladbach vs Wolfsburg,Both Teams to Score - No @ 2.67,658.6900000000005,295
2024-11-23,Saturday,Team 1,Team 2,Eredivisie,Over 1.5,Over 1.5 Goals in Match,2.28,76.69,68.5,73.8,WIN,98.4,128.3,958.65,1057.04,252.3,Total Goals,Medium Risk,Team 1 vs Team 2,Over 1.5 Goals in Match @ 2.28,757.0900000000005,296
2024-11-23,Saturday,Team 1,Team 2,Eredivisie,BTTS No,Both Teams to Score - No,2.33,84.56,40.1,60.1,LOSS,-84.56,-100.0,1057.04,972.48,224.2,Both Teams to Score,Medium Risk,Team 1 vs Team 2,Both Teams to Score - No @ 2.33,672.5300000000004,297
2024-11-24,Sunday,Real Madrid,Barcelona,La Liga,Over 9.5 Corners,Over 9.5 Total Corners,1.7,77.8,22.4,71.9,LOSS,-77.8,-100.0,972.48,894.68,198.2,Corners,Medium Risk,Real Madrid vs Barcelona,Over 9.5 Total Corners @ 1.70,594.7300000000005,298
2024-11-24,Sunday,Real Madrid,Barcelona,La Liga,Home Under 1.5,Home Team Under 1.5 Goals,1.68,35.84,6.8,63.5,WIN,24.51,68.4,894.68,919.19,206.4,Team Goals,Medium Risk,Real Madrid vs Barcelona,Home Team Under 1.5 Goals @ 1.68,619.2400000000005,299
2024-11-24,Sunday,Sevilla,Real Betis,La Liga,Away Under 1.5,Away Team Under 1.5 Goals,1.59,34.19,5.5,66.5,LOSS,-34.19,-100.0,919.19,884.99,195.0,Team Goals,Medium Risk,Sevilla vs Real Betis,Away Team Under 1.5 Goals @ 1.59,585.0500000000004,300
2024-11-24,Sunday,Real Madrid,Barcelona,La Liga,Home Under 1.5,Home Team Under 1.5 Goals,1.74,26.2,5.5,60.6,WIN,19.37,73.9,884.99,904.37,201.5,Team Goals,Medium Risk,Real Madrid vs Barcelona,Home Team Under 1.5 Goals @ 1.74,604.4200000000004,301
2024-11-25,Monday,Team 1,Team 2,Championship,Over 9.5 Corners,Over 9.5 Total Corners,2.14,72.35,61.6,75.6,WIN,82.38,113.9,904.37,986.75,228.9,Corners,Medium Risk,Team 1 vs Team 2,Over 9.5 Total Corners @ 2.14,686.8000000000004,302
2024-11-25,Monday,Inter Milan,Napoli,Serie A,Over 9.5 Corners,Over 9.5 Total Corners,1.95,78.94,49.7,76.6,WIN,75.29,95.4,986.75,1062.04,254.0,Corners,Medium Risk,Inter Milan vs Napoli,Over 9.5 Total Corners @ 1.95,762.0900000000004,303
2024-11-25,Monday,Team 5,Team 6,MLS,Away +1,Away Team +1 Goal Handicap,1.48,58.47,6.6,72.2,WIN,27.88,47.7,1062.04,1089.93,263.3,Asian Handicap,Low Risk,Team 5 vs Team 6,Away Team +1 Goal Handicap @ 1.48,789.9700000000004,304
2024-11-26,Tuesday,Team 1,Team 2,MLS,Over 1.5,Over 1.5 Goals in Match,2.18,87.19,68.9,77.5,WIN,102.94,118.1,1089.93,1192.87,297.6,Total Goals,Medium Risk,Team 1 vs Team 2,Over 1.5 Goals in Match @ 2.18,892.9100000000003,305
2024-11-26,Tuesday,Team 1,Team 2,MLS,Under 11.5 Corners,Under 11.5 Total Corners,1.46,95.43,32.4,90.9,LOSS,-95.43,-100.0,1192.87,1097.44,265.8,Corners,Low Risk,Team 1 vs Team 2,Under 11.5 Total Corners @ 1.46,797.4800000000002,306
2024-11-26,Tuesday,Borussia Monchengladbach,Wolfsburg,Bundesliga,Home Under 1.5,Home Team Under 1.5 Goals,1.69,35.25,5.6,62.3,WIN,24.49,69.5,1097.44,1121.93,274.0,Team Goals,Medium Risk,Borussia Monchengladbach vs Wolfsburg,Home Team Under 1.5 Goals @ 1.69,821.9700000000003,307
2024-11-27,Wednesday,Sassuolo,Udinese,Serie A,Home Over 1.5,Home Team Over 1.5 Goals,1.83,89.75,38.2,75.3,LOSS,-89.75,-100.0,1121.93,1032.17,244.1,Team Goals,Medium Risk,Sassuolo vs Udinese,Home Team Over 1.5 Goals @ 1.83,732.2200000000003,308
2024-11-27,Wednesday,Sassuolo,Udinese,Serie A,Over 2.5,Over 2.5 Goals in Match,1.64,82.57,22.5,74.8,WIN,52.67,63.8,1032.17,1084.84,261.6,Total Goals,Medium Risk,Sassuolo vs Udinese,Over 2.5 Goals in Match @ 1.64,784.8900000000002,309
2024-11-28,Thursday,Liverpool,Chelsea,Premier League,Under 11.5 Corners,Under 11.5 Total Corners,1.47,86.79,30.4,88.7,LOSS,-86.79,-100.0,1084.84,998.06,232.7,Corners,Low Risk,Liverpool vs Chelsea,Under 11.5 Total Corners @ 1.47,698.1000000000003,310
2024-11-28,Thursday,Liverpool,Chelsea,Premier League,Home Under 1.5,Home Team Under 1.5 Goals,1.63,79.84,20.7,73.9,WIN,50.63,63.4,998.06,1048.69,249.6,Team Goals,Medium Risk,Liverpool vs Chelsea,Home Team Under 1.5 Goals @ 1.63,748.7300000000002,311
2024-11-29,Friday,Team 1,Team 2,Ligue 1,Draw/Away,Draw or Away Win,1.97,83.9,20.1,60.9,WIN,81.38,97.0,1048.69,1130.07,276.7,Double Chance,Medium Risk,Team 1 vs Team 2,Draw or Away Win @ 1.97,830.1100000000002,312
2024-11-29,Friday,Team 1,Team 2,Ligue 1,Home/Away,Home Win or Away Win (No Draw),1.35,75.96,5.9,78.4,WIN,26.59,35.0,1130.07,1156.65,285.6,Double Chance,Low Risk,Team 1 vs Team 2,Home Win or Away Win (No Draw) @ 1.35,856.7000000000003,313
2024-11-29,Friday,Atalanta,Fiorentina,Serie A,Under 3.5,Under 3.5 Goals in Match,1.36,67.01,5.2,77.3,WIN,24.28,36.2,1156.65,1180.94,293.6,Total Goals,Low Risk,Atalanta vs Fiorentina,Under 3.5 Goals in Match @ 1.36,880.9800000000002,314
2024-11-30,Saturday,Inter Milan,Napoli,Serie A,Home +1,Home Team +1 Goal Handicap,1.59,94.48,25.1,78.7,WIN,55.62,58.9,1180.94,1236.56,312.2,Asian Handicap,Medium Risk,Inter Milan vs Napoli,Home Team +1 Goal Handicap @ 1.59,936.6000000000003,315
2024-11-30,Saturday,Inter Milan,Napoli,Serie A,Under 11.5 Corners,Under 11.5 Total Corners,1.33,98.92,20.4,90.8,WIN,32.26,32.6,1236.56,1268.81,322.9,Corners,Low Risk,Inter Milan vs Napoli,Under 11.5 Total Corners @ 1.33,968.8600000000002,316
2024-11-30,Saturday,Team 3,Team 4,Ligue 1,Away +1,Away Team +1 Goal Handicap,1.55,57.28,6.3,68.4,WIN,31.72,55.4,1268.81,1300.54,333.5,Asian Handicap,Medium Risk,Team 3 vs Team 4,Away Team +1 Goal Handicap @ 1.55,1000.5800000000003,317
2024-12-01,Sunday,RB Leipzig,Bayer Leverkusen,Bundesliga,BTTS No,Both Teams to Score - No,2.16,104.04,37.9,63.8,LOSS,-104.04,-100.0,1300.54,1196.49,298.8,Both Teams to Score,Medium Risk,RB Leipzig vs Bayer Leverkusen,Both Teams to Score - No @ 2.16,896.5400000000003,318
2024-12-01,Sunday,RB Leipzig,Bayer Leverkusen,Bundesliga,Over 9.5 Corners,Over 9.5 Total Corners,2.06,95.72,33.1,64.6,WIN,101.55,106.1,1196.49,1298.04,332.7,Corners,Medium Risk,RB Leipzig vs Bayer Leverkusen,Over 9.5 Total Corners @ 2.06,998.0900000000003,319
2024-12-01,Sunday,RB Leipzig,Bayer Leverkusen,Bundesliga,Over 2.5,Over 2.5 Goals in Match,1.75,59.21,8.6,61.9,WIN,44.61,75.4,1298.04,1342.65,347.6,Total Goals,Medium Risk,RB Leipzig vs Bayer Leverkusen,Over 2.5 Goals in Match @ 1.75,1042.7000000000003,320
2024-12-02,Monday,Team 1,Team 2,MLS,BTTS No,Both Teams to Score - No,2.1,107.41,26.3,60.1,WIN,118.15,110.0,1342.65,1460.8,386.9,Both Teams to Score,Medium Risk,Team 1 vs Team 2,Both Teams to Score - No @ 2.10,1160.8500000000004,321
2024-12-02,Monday,Team 1,Team 2,MLS,Under 11.5 Corners,Under 11.5 Total Corners,1.39,116.86,19.2,85.9,WIN,45.3,38.8,1460.8,1506.11,402.0,Corners,Low Risk,Team 1 vs Team 2,Under 11.5 Total Corners @ 1.39,1206.1500000000003,322
2024-12-03,Tuesday,Real Sociedad,Getafe,La Liga,Home Under 1.5,Home Team Under 1.5 Goals,1.66,49.19,5.4,63.6,WIN,32.24,65.5,1506.11,1538.34,412.8,Team Goals,Medium Risk,Real Sociedad vs Getafe,Home Team Under 1.5 Goals @ 1.66,1238.3900000000003,323
2024-12-03,Tuesday,Team 3,Team 4,MLS,Over 9.5 Corners,Over 9.5 Total Corners,2.09,123.07,41.7,67.7,WIN,134.45,109.2,1538.34,1672.79,457.6,Corners,Medium Risk,Team 3 vs Team 4,Over 9.5 Total Corners @ 2.09,1372.8400000000004,324
2024-12-03,Tuesday,Team 3,Team 4,MLS,Away Under 1.5,Away Team Under 1.5 Goals,1.69,86.21,8.9,64.4,WIN,59.48,69.0,1672.79,1732.27,477.4,Team Goals,Medium Risk,Team 3 vs Team 4,Away Team Under 1.5 Goals @ 1.69,1432.3200000000004,325
2024-12-03,Tuesday,Team 3,Team 4,MLS,Over 2.5,Over 2.5 Goals in Match,1.83,66.61,8.0,58.9,LOSS,-66.61,-100.0,1732.27,1665.66,455.2,Total Goals,Medium Risk,Team 3 vs Team 4,Over 2.5 Goals in Match @ 1.83,1365.7100000000005,326
2024-12-04,Wednesday,Team 1,Team 2,Eredivisie,Over 1.5,Over 1.5 Goals in Match,2.29,133.25,68.8,73.7,WIN,172.09,129.1,1665.66,1837.75,512.6,Total Goals,Medium Risk,Team 1 vs Team 2,Over 1.5 Goals in Match @ 2.29,1537.8000000000004,327
2024-12-04,Wednesday,Team 1,Team 2,Eredivisie,Over 9.5 Corners,Over 9.5 Total Corners,1.88,147.02,32.3,70.5,WIN,128.67,87.5,1837.75,1966.42,555.5,Corners,Medium Risk,Team 1 vs Team 2,Over 9.5 Total Corners @ 1.88,1666.4700000000005,328
2024-12-04,Wednesday,Team 1,Team 2,Eredivisie,Away +1,Away Team +1 Goal Handicap,1.58,106.03,7.8,68.4,WIN,61.06,57.6,1966.42,2027.48,575.8,Asian Handicap,Medium Risk,Team 1 vs Team 2,Away Team +1 Goal Handicap @ 1.58,1727.5300000000004,329
2024-12-05,Thursday,Osasuna,Celta Vigo,La Liga,Over 1.5,Over 1.5 Goals in Match,2.35,162.2,74.9,74.4,LOSS,-162.2,-100.0,2027.48,1865.29,521.8,Total Goals,Medium Risk,Osasuna vs Celta Vigo,Over 1.5 Goals in Match @ 2.35,1565.3300000000004,330
2024-12-05,Thursday,Osasuna,Celta Vigo,La Liga,Over 9.5 Corners,Over 9.5 Total Corners,1.83,149.22,38.5,75.6,WIN,124.34,83.3,1865.29,1989.63,563.2,Corners,Medium Risk,Osasuna vs Celta Vigo,Over 9.5 Total Corners @ 1.83,1689.6700000000003,331
2024-12-06,Friday,Team 1,Team 2,Ligue 1,Over 9.5 Corners,Over 9.5 Total Corners,1.94,159.17,42.5,73.5,WIN,149.52,93.9,1989.63,2139.15,613.0,Corners,Medium Risk,Team 1 vs Team 2,Over 9.5 Total Corners @ 1.94,1839.1900000000003,332
2024-12-06,Friday,Team 1,Team 2,Ligue 1,Over 2.5,Over 2.5 Goals in Match,1.57,170.87,11.3,71.1,WIN,96.71,56.6,2139.15,2235.85,645.3,Total Goals,Medium Risk,Team 1 vs Team 2,Over 2.5 Goals in Match @ 1.57,1935.9000000000003,333
2024-12-06,Friday,Atalanta,Fiorentina,Serie A,Under 11.5 Corners,Under 11.5 Total Corners,1.47,111.03,5.8,72.0,LOSS,-111.03,-100.0,2235.85,2124.83,608.3,Corners,Low Risk,Atalanta vs Fiorentina,Under 11.5 Total Corners @ 1.47,1824.8700000000003,334
2024-12-07,Saturday,Sassuolo,Udinese,Serie A,Over 9.5 Corners,Over 9.5 Total Corners,2.1,169.99,49.7,71.3,WIN,186.82,109.9,2124.83,2311.65,670.5,Corners,Medium Risk,Sassuolo vs Udinese,Over 9.5 Total Corners @ 2.10,2011.6900000000003,335
2024-12-07,Saturday,Osasuna,Celta Vigo,La Liga,Over 1.5,Over 1.5 Goals in Match,2.08,184.93,61.4,77.5,WIN,200.42,108.4,2311.65,2512.07,737.4,Total Goals,Medium Risk,Osasuna vs Celta Vigo,Over 1.5 Goals in Match @ 2.08,2212.11,336
2024-12-07,Saturday,Team 7,Team 8,MLS,Home Under 1.5,Home Team Under 1.5 Goals,1.71,95.57,6.8,62.3,WIN,68.25,71.4,2512.07,2580.33,760.1,Team Goals,Medium Risk,Team 7 vs Team 8,Home Team Under 1.5 Goals @ 1.71,2280.36,337
2024-12-08,Sunday,RB Leipzig,Bayer Leverkusen,Bundesliga,Over 9.5 Corners,Over 9.5 Total Corners,1.83,206.43,40.2,76.6,WIN,171.47,83.1,2580.33,2751.8,817.3,Corners,Medium Risk,RB Leipzig vs Bayer Leverkusen,Over 9.5 Total Corners @ 1.83,2451.83,338
2024-12-08,Sunday,RB Leipzig,Bayer Leverkusen,Bundesliga,Over 2.5,Over 2.5 Goals in Match,1.54,186.8,9.1,71.0,LOSS,-186.8,-100.0,2751.8,2564.99,755.0,Total Goals,Medium Risk,RB Leipzig vs Bayer Leverkusen,Over 2.5 Goals in Match @ 1.54,2265.0299999999997,339
2024-12-09,Monday,Union Berlin,SC Freiburg,Bundesliga,Over 9.5 Corners,Over 9.5 Total Corners,2.01,205.2,47.2,73.4,LOSS,-205.2,-100.0,2564.99,2359.79,686.6,Corners,Medium Risk,Union Berlin vs SC Freiburg,Over 9.5 Total Corners @ 2.01,2059.83,340
2024-12-09,Monday,Union Berlin,SC Freiburg,Bundesliga,Over 2.5,Over 2.5 Goals in Match,1.83,112.87,9.9,60.1,LOSS,-112.87,-100.0,2359.79,2246.93,649.0,Total Goals,Medium Risk,Union Berlin vs SC Freiburg,Over 2.5 Goals in Match @ 1.83,1946.96,341
2024-12-09,Monday,Real Sociedad,Getafe,La Liga,Draw/Away,Draw or Away Win,1.79,103.4,9.1,60.9,LOSS,-103.4,-100.0,2246.93,2143.53,614.5,Double Chance,Medium Risk,Real Sociedad vs Getafe,Draw or Away Win @ 1.79,1843.56,342
2024-12-10,Tuesday,Team 1,Team 2,Ligue 1,Over 9.5 Corners,Over 9.5 Total Corners,2.0,171.48,50.2,74.9,WIN,172.15,100.4,2143.53,2315.68,671.9,Corners,Medium Risk,Team 1 vs Team 2,Over 9.5 Total Corners @ 2.00,2015.71,343
2024-12-10,Tuesday,Team 1,Team 2,Ligue 1,BTTS No,Both Teams to Score - No,2.11,185.25,39.4,66.1,LOSS,-185.25,-100.0,2315.68,2130.42,610.1,Both Teams to Score,Medium Risk,Team 1 vs Team 2,Both Teams to Score - No @ 2.11,1830.46,344
2024-12-11,Wednesday,Brentford,Wolves,Premier League,Over 9.5 Corners,Over 9.5 Total Corners,1.74,170.43,27.8,73.4,WIN,126.38,74.1,2130.42,2256.8,652.3,Corners,Medium Risk,Brentford vs Wolves,Over 9.5 Total Corners @ 1.74,1956.8400000000001,345
2024-12-11,Wednesday,Newcastle,Brighton,Premier League,Over 9.5 Corners,Over 9.5 Total Corners,2.15,180.54,62.4,75.6,WIN,207.6,115.0,2256.8,2464.4,721.5,Corners,Medium Risk,Newcastle vs Brighton,Over 9.5 Total Corners @ 2.15,2164.44,346
2024-12-11,Wednesday,Sevilla,Real Betis,La Liga,Away +1,Away Team +1 Goal Handicap,1.58,137.21,8.1,68.4,WIN,79.66,58.1,2464.4,2544.06,748.0,Asian Handicap,Medium Risk,Sevilla vs Real Betis,Away Team +1 Goal Handicap @ 1.58,2244.1,347
2024-12-12,Thursday,Eintracht Frankfurt,VfB Stuttgart,Bundesliga,Over 9.5 Corners,Over 9.5 Total Corners,2.99,203.52,80.4,60.4,LOSS,-203.52,-100.0,2544.06,2340.54,680.2,Corners,High Risk,Eintracht Frankfurt vs VfB Stuttgart,Over 9.5 Total Corners @ 2.99,2040.58,348
2024-12-12,Thursday,Borussia Monchengladbach,Wolfsburg,Bundesliga,Under 11.5 Corners,Under 11.5 Total Corners,1.42,187.24,29.3,90.8,WIN,79.47,42.4,2340.54,2420.01,706.7,Corners,Low Risk,Borussia Monchengladbach vs Wolfsburg,Under 11.5 Total Corners @ 1.42,2120.0499999999997,349
2024-12-13,Friday,Union Berlin,SC Freiburg,Bundesliga,BTTS No,Both Teams to Score - No,2.58,193.6,51.7,58.8,WIN,305.89,158.0,2420.01,2725.9,808.6,Both Teams to Score,High Risk,Union Berlin vs SC Freiburg,Both Teams to Score - No @ 2.58,2425.9399999999996,350
2024-12-13,Friday,Union Berlin,SC Freiburg,Bundesliga,Under 11.5 Corners,Under 11.5 Total Corners,1.41,218.07,24.7,88.7,WIN,88.45,40.6,2725.9,2814.35,838.1,Corners,Low Risk,Union Berlin vs SC Freiburg,Under 11.5 Total Corners @ 1.41,2514.3899999999994,351
2024-12-14,Saturday,RB Leipzig,Bayer Leverkusen,Bundesliga,Over 11.5 Corners,Over 11.5 Total Corners,4.34,225.15,155.5,58.9,LOSS,-225.15,-100.0,2814.35,2589.2,763.1,Corners,High Risk,RB Leipzig vs Bayer Leverkusen,Over 11.5 Total Corners @ 4.34,2289.2399999999993,352
2024-12-14,Saturday,RB Leipzig,Bayer Leverkusen,Bundesliga,Over 9.5 Corners,Over 9.5 Total Corners,2.05,207.14,55.2,75.6,WIN,218.25,105.4,2589.2,2807.45,835.8,Corners,Medium Risk,RB Leipzig vs Bayer Leverkusen,Over 9.5 Total Corners @ 2.05,2507.4899999999993,353
2024-12-14,Saturday,Newcastle,Brighton,Premier League,Under 9.5 Corners,Under 9.5 Total Corners,1.68,124.57,7.5,64.2,LOSS,-124.57,-100.0,2807.45,2682.88,794.3,Corners,Medium Risk,Newcastle vs Brighton,Under 9.5 Total Corners @ 1.68,2382.919999999999,354
2024-12-15,Sunday,Aston Villa,West Ham,Premier League,Under 11.5 Corners,Under 11.5 Total Corners,1.39,214.63,23.3,88.7,WIN,83.61,39.0,2682.88,2766.5,822.2,Corners,Low Risk,Aston Villa vs West Ham,Under 11.5 Total Corners @ 1.39,2466.5299999999993,355
2024-12-15,Sunday,AS Roma,Lazio,Serie A,Over 9.5 Corners,Over 9.5 Total Corners,1.98,221.32,49.9,75.6,WIN,217.68,98.4,2766.5,2984.18,894.7,Corners,Medium Risk,AS Roma vs Lazio,Over 9.5 Total Corners @ 1.98,2684.209999999999,356
2024-12-15,Sunday,Team 5,Team 6,Ligue 1,Away Under 1.5,Away Team Under 1.5 Goals,1.76,94.5,6.0,60.3,LOSS,-94.5,-100.0,2984.18,2889.68,863.2,Team Goals,Medium Risk,Team 5 vs Team 6,Away Team Under 1.5 Goals @ 1.76,2589.709999999999,357
2024-12-16,Monday,Team 1,Team 2,Championship,Over 9.5 Corners,Over 9.5 Total Corners,1.99,231.17,46.2,73.5,WIN,228.67,98.9,2889.68,3118.34,939.4,Corners,Medium Risk,Team 1 vs Team 2,Over 9.5 Total Corners @ 1.99,2818.379999999999,358
2024-12-16,Monday,Sevilla,Real Betis,La Liga,BTTS No,Both Teams to Score - No,2.5,249.47,65.1,66.1,WIN,374.2,150.0,3118.34,3492.54,1064.2,Both Teams to Score,Medium Risk,Sevilla vs Real Betis,Both Teams to Score - No @ 2.50,3192.579999999999,359
2024-12-16,Monday,Team 5,Team 6,Championship,BTTS No,Both Teams to Score - No,1.88,207.57,13.1,60.1,WIN,182.66,88.0,3492.54,3675.2,1125.1,Both Teams to Score,Medium Risk,Team 5 vs Team 6,Both Teams to Score - No @ 1.88,3375.239999999999,360
2024-12-17,Tuesday,Manchester City,Arsenal,Premier League,Over 1.5,Over 1.5 Goals in Match,2.39,294.02,76.3,73.7,LOSS,-294.02,-100.0,3675.2,3381.19,1027.1,Total Goals,Medium Risk,Manchester City vs Arsenal,Over 1.5 Goals in Match @ 2.39,3081.219999999999,361
2024-12-17,Tuesday,Manchester City,Arsenal,Premier League,Over 9.5 Corners,Over 9.5 Total Corners,1.73,270.49,17.0,67.7,WIN,196.74,72.7,3381.19,3577.93,1092.6,Corners,Medium Risk,Manchester City vs Arsenal,Over 9.5 Total Corners @ 1.73,3277.959999999999,362
2024-12-17,Tuesday,RB Leipzig,Bayer Leverkusen,Bundesliga,Under 3.5,Under 3.5 Goals in Match,1.54,144.4,5.5,68.4,WIN,78.41,54.3,3577.93,3656.34,1118.8,Total Goals,Medium Risk,RB Leipzig vs Bayer Leverkusen,Under 3.5 Goals in Match @ 1.54,3356.369999999999,363
2024-12-18,Wednesday,Team 1,Team 2,Eredivisie,Over 9.5 Corners,Over 9.5 Total Corners,1.86,292.51,35.3,72.9,WIN,250.32,85.6,3656.34,3906.66,1202.2,Corners,Medium Risk,Team 1 vs Team 2,Over 9.5 Total Corners @ 1.86,3606.689999999999,364
2024-12-18,Wednesday,Team 1,Team 2,Eredivisie,Under 11.5 Corners,Under 11.5 Total Corners,1.69,182.73,8.1,63.8,WIN,126.75,69.4,3906.66,4033.41,1244.5,Corners,Medium Risk,Team 1 vs Team 2,Under 11.5 Total Corners @ 1.69,3733.439999999999,365
2024-12-18,Wednesday,Villarreal,Athletic Bilbao,La Liga,BTTS No,Both Teams to Score - No,2.01,322.67,54.4,76.8,WIN,325.9,101.0,4033.41,4359.31,1353.1,Both Teams to Score,Medium Risk,Villarreal vs Athletic Bilbao,Both Teams to Score - No @ 2.01,4059.3399999999992,366
2024-12-19,Thursday,Tottenham,Manchester United,Premier League,Over 1.5,Over 1.5 Goals in Match,2.3,348.74,69.8,73.8,LOSS,-348.74,-100.0,4359.31,4010.56,1236.9,Total Goals,Medium Risk,Tottenham vs Manchester United,Over 1.5 Goals in Match @ 2.30,3710.5999999999995,367
2024-12-19,Thursday,Tottenham,Manchester United,Premier League,Over 9.5 Corners,Over 9.5 Total Corners,2.15,320.85,41.0,65.4,WIN,370.45,115.5,4010.56,4381.01,1360.3,Corners,Medium Risk,Tottenham vs Manchester United,Over 9.5 Total Corners @ 2.15,4081.0499999999993,368
2024-12-19,Thursday,Atalanta,Fiorentina,Serie A,Away Under 1.5,Away Team Under 1.5 Goals,1.71,146.01,6.0,61.8,WIN,104.37,71.5,4381.01,4485.38,1395.1,Team Goals,Medium Risk,Atalanta vs Fiorentina,Away Team Under 1.5 Goals @ 1.71,4185.419999999999,369
2024-12-20,Friday,Atletico Madrid,Valencia,La Liga,Over 9.5 Corners,Over 9.5 Total Corners,1.86,358.83,40.7,75.6,LOSS,-358.83,-100.0,4485.38,4126.55,1275.5,Corners,Medium Risk,Atletico Madrid vs Valencia,Over 9.5 Total Corners @ 1.86,3826.5899999999992,370
2024-12-20,Friday,Atletico Madrid,Valencia,La Liga,Home/Away,Home Win or Away Win (No Draw),1.33,330.12,10.4,83.0,WIN,108.94,33.0,4126.55,4235.49,1311.8,Double Chance,Low Risk,Atletico Madrid vs Valencia,Home Win or Away Win (No Draw) @ 1.33,3935.5299999999993,371
2024-12-21,Saturday,Villarreal,Athletic Bilbao,La Liga,Over 11.5 Corners,Over 11.5 Total Corners,3.78,338.84,142.2,64.1,LOSS,-338.84,-100.0,4235.49,3896.65,1198.9,Corners,High Risk,Villarreal vs Athletic Bilbao,Over 11.5 Total Corners @ 3.78,3596.689999999999,372
2024-12-21,Saturday,Villarreal,Athletic Bilbao,La Liga,Over 9.5 Corners,Over 9.5 Total Corners,2.17,311.73,63.7,75.6,LOSS,-311.73,-100.0,3896.65,3584.92,1095.0,Corners,Medium Risk,Villarreal vs Athletic Bilbao,Over 9.5 Total Corners @ 2.17,3284.959999999999,373
2024-12-22,Sunday,Real Sociedad,Getafe,La Liga,BTTS No,Both Teams to Score - No,2.67,286.79,70.4,63.8,WIN,478.95,167.0,3584.92,4063.86,1254.6,Both Teams to Score,High Risk,Real Sociedad vs Getafe,Both Teams to Score - No @ 2.67,3763.909999999999,374
2024-12-22,Sunday,Real Sociedad,Getafe,La Liga,Over 9.5 Corners,Over 9.5 Total Corners,1.82,325.11,33.5,73.6,WIN,265.01,81.5,4063.86,4328.88,1343.0,Corners,Medium Risk,Real Sociedad vs Getafe,Over 9.5 Total Corners @ 1.82,4028.919999999999,375
2024-12-22,Sunday,Real Sociedad,Getafe,La Liga,Draw/Away,Draw or Away Win,1.78,143.59,6.5,59.8,LOSS,-143.59,-100.0,4328.88,4185.29,1295.1,Double Chance,Medium Risk,Real Sociedad vs Getafe,Draw or Away Win @ 1.78,3885.329999999999,376
2024-12-23,Monday,Crystal Palace,Fulham,Premier League,Over 9.5 Corners,Over 9.5 Total Corners,2.14,334.82,61.5,75.6,LOSS,-334.82,-100.0,4185.29,3850.46,1183.5,Corners,Medium Risk,Crystal Palace vs Fulham,Over 9.5 Total Corners @ 2.14,3550.509999999999,377
2024-12-23,Monday,Crystal Palace,Fulham,Premier League,Home/Draw,Home Win or Draw,2.27,308.04,36.2,60.0,WIN,391.21,127.0,3850.46,4241.67,1313.9,Double Chance,Medium Risk,Crystal Palace vs Fulham,Home Win or Draw @ 2.27,3941.719999999999,378
2024-12-23,Monday,Tottenham,Manchester United,Premier League,Home,Home Team Win,1.81,163.22,7.8,59.6,LOSS,-163.22,-100.0,4241.67,4078.45,1259.5,Match Winner,Medium Risk,Tottenham vs Manchester United,Home Team Win @ 1.81,3778.499999999999,379
2024-12-24,Tuesday,Newcastle,Brighton,Premier League,Under 11.5 Corners,Under 11.5 Total Corners,1.45,326.28,32.4,91.4,WIN,146.64,44.9,4078.45,4225.09,1308.4,Corners,Low Risk,Newcastle vs Brighton,Under 11.5 Total Corners @ 1.45,3925.139999999999,380
2024-12-24,Tuesday,Newcastle,Brighton,Premier League,Draw/Away,Draw or Away Win,2.14,338.01,26.6,59.1,LOSS,-338.01,-100.0,4225.09,3887.09,1195.7,Double Chance,Medium Risk,Newcastle vs Brighton,Draw or Away Win @ 2.14,3587.129999999999,381
2024-12-25,Wednesday,Real Madrid,Barcelona,La Liga,BTTS No,Both Teams to Score - No,2.17,310.97,43.3,66.1,WIN,363.83,117.0,3887.09,4250.92,1317.0,Both Teams to Score,Medium Risk,Real Madrid vs Barcelona,Both Teams to Score - No @ 2.17,3950.959999999999,382
2024-12-25,Wednesday,Real Madrid,Barcelona,La Liga,Over 9.5 Corners,Over 9.5 Total Corners,1.8,340.07,42.6,79.1,WIN,272.88,80.2,4250.92,4523.8,1407.9,Corners,Medium Risk,Real Madrid vs Barcelona,Over 9.5 Total Corners @ 1.80,4223.839999999999,383
2024-12-25,Wednesday,Crystal Palace,Fulham,Premier League,Away +1,Away Team +1 Goal Handicap,1.55,188.36,5.7,68.4,WIN,102.73,54.5,4523.8,4626.53,1442.2,Asian Handicap,Medium Risk,Crystal Palace vs Fulham,Away Team +1 Goal Handicap @ 1.55,4326.569999999999,384
2024-12-26,Thursday,Team 1,Team 2,Eredivisie,Over 9.5 Corners,Over 9.5 Total Corners,2.19,370.12,33.1,60.7,WIN,441.8,119.4,4626.53,5068.33,1589.4,Corners,Medium Risk,Team 1 vs Team 2,Over 9.5 Total Corners @ 2.19,4768.369999999999,385
2024-12-26,Thursday,Team 1,Team 2,Eredivisie,BTTS No,Both Teams to Score - No,1.88,405.47,20.0,63.8,WIN,356.81,88.0,5068.33,5425.14,1708.4,Both Teams to Score,Medium Risk,Team 1 vs Team 2,Both Teams to Score - No @ 1.88,5125.179999999999,386
2024-12-26,Thursday,Team 1,Team 2,Eredivisie,Over 2.5,Over 2.5 Goals in Match,1.81,273.97,10.2,61.0,WIN,221.0,80.7,5425.14,5646.14,1782.0,Total Goals,Medium Risk,Team 1 vs Team 2,Over 2.5 Goals in Match @ 1.81,5346.179999999999,387
2024-12-27,Friday,Eintracht Frankfurt,VfB Stuttgart,Bundesliga,Over 1.5,Over 1.5 Goals in Match,1.87,451.69,34.3,71.8,LOSS,-451.69,-100.0,5646.14,5194.45,1631.5,Total Goals,Medium Risk,Eintracht Frankfurt vs VfB Stuttgart,Over 1.5 Goals in Match @ 1.87,4894.49,388
2024-12-27,Friday,Eintracht Frankfurt,VfB Stuttgart,Bundesliga,Over 9.5 Corners,Over 9.5 Total Corners,1.93,415.56,30.5,67.5,WIN,387.48,93.2,5194.45,5581.93,1760.6,Corners,Medium Risk,Eintracht Frankfurt vs VfB Stuttgart,Over 9.5 Total Corners @ 1.93,5281.969999999999,389
2024-12-28,Saturday,Team 1,Team 2,Liga MX,Over 1.5,Over 1.5 Goals in Match,2.18,446.55,60.3,73.7,WIN,524.99,117.6,5581.93,6106.92,1935.6,Total Goals,Medium Risk,Team 1 vs Team 2,Over 1.5 Goals in Match @ 2.18,5806.959999999999,390
2024-12-28,Saturday,Team 1,Team 2,Liga MX,BTTS No,Both Teams to Score - No,2.25,488.55,42.6,63.4,LOSS,-488.55,-100.0,6106.92,5618.37,1772.8,Both Teams to Score,Medium Risk,Team 1 vs Team 2,Both Teams to Score - No @ 2.25,5318.409999999999,391
2024-12-29,Sunday,Real Madrid,Barcelona,La Liga,Over 1.5,Over 1.5 Goals in Match,2.0,449.47,46.5,73.2,WIN,450.27,100.2,5618.37,6068.64,1922.9,Total Goals,Medium Risk,Real Madrid vs Barcelona,Over 1.5 Goals in Match @ 2.00,5768.6799999999985,392
2024-12-29,Sunday,Real Madrid,Barcelona,La Liga,Over 9.5 Corners,Over 9.5 Total Corners,1.91,485.49,44.4,75.6,LOSS,-485.49,-100.0,6068.64,5583.15,1761.0,Corners,Medium Risk,Real Madrid vs Barcelona,Over 9.5 Total Corners @ 1.91,5283.189999999999,393
2024-12-30,Monday,Team 1,Team 2,Ligue 1,Over 1.5,Over 1.5 Goals in Match,2.08,446.65,53.6,73.7,WIN,484.38,108.4,5583.15,6067.53,1922.5,Total Goals,Medium Risk,Team 1 vs Team 2,Over 1.5 Goals in Match @ 2.08,5767.569999999999,394
2024-12-30,Monday,Team 1,Team 2,Ligue 1,Over 9.5 Corners,Over 9.5 Total Corners,1.98,485.4,48.5,74.9,LOSS,-485.4,-100.0,6067.53,5582.12,1760.7,Corners,Medium Risk,Team 1 vs Team 2,Over 9.5 Total Corners @ 1.98,5282.169999999999,395
2024-12-31,Tuesday,Villarreal,Athletic Bilbao,La Liga,Over 9.5 Corners,Over 9.5 Total Corners,1.95,446.57,45.2,74.4,LOSS,-446.57,-100.0,5582.12,5135.55,1611.9,Corners,Medium Risk,Villarreal vs Athletic Bilbao,Over 9.5 Total Corners @ 1.95,4835.599999999999,396
2024-12-31,Tuesday,Villarreal,Athletic Bilbao,La Liga,Draw/Away,Draw or Away Win,2.06,410.84,32.1,64.1,WIN,435.49,106.0,5135.55,5571.05,1757.0,Double Chance,Medium Risk,Villarreal vs Athletic Bilbao,Draw or Away Win @ 2.06,5271.089999999999,397
2024-12-31,Tuesday,Eintracht Frankfurt,VfB Stuttgart,Bundesliga,Home Under 1.5,Home Team Under 1.5 Goals,1.64,230.24,6.6,65.1,WIN,146.66,63.7,5571.05,5717.71,1805.9,Team Goals,Medium Risk,Eintracht Frankfurt vs VfB Stuttgart,Home Team Under 1.5 Goals @ 1.64,5417.749999999999,398
2025-01-01,Wednesday,Juventus,AC Milan,Serie A,Home/Draw,Home Win or Draw,1.98,457.42,30.9,66.1,WIN,448.27,98.0,5717.71,6165.98,1955.3,Double Chance,Medium Risk,Juventus vs AC Milan,Home Win or Draw @ 1.98,5866.019999999999,399
2025-01-01,Wednesday,Tottenham,Manchester United,Premier League,Over 9.5 Corners,Over 9.5 Total Corners,2.55,493.28,54.4,60.7,LOSS,-493.28,-100.0,6165.98,5672.7,1790.9,Corners,High Risk,Tottenham vs Manchester United,Over 9.5 Total Corners @ 2.55,5372.739999999999,400
